Medicamento,URL,Presentación,Código Nacional,NOMPROD,TIPOFAR,NOMGEN,LABOR,ESTADO,FECALTA,FECBAJA,APORTACION,PRINCACT,PRECIO,MINPREC,CODAGR,NOMAGR,DIAGHOSP,TTOLARGADURADA,CNTRMEDICO,MEDHUERFANO
PARACETAMOL ABAMED Comp. 1 g,https://www.vademecum.es/medicamento-paracetamol+abamed+comp.+1+g_42201,Env. con 20 (tiras),698681,"PARACETAMOLABAMED1GCOMPRIMIDOSEFG,20comprimidos(Tiras)",MedicamentoGenerico,,"1198,ABAMEDPHARMA,S.L",ALTA,01/07/2014,,NORMAL,PARACETAMOL,1.9,1.9,1.9,3332-PARACETAMOL1000MG20COMPRIMIDOS,NO,NO,NO,NO
PARACETAMOL ABAMED Comp. 1 g,https://www.vademecum.es/medicamento-paracetamol+abamed+comp.+1+g_42201,Env. con 40 (tiras),698682,"PARACETAMOLABAMED1GCOMPRIMIDOSEFG,40comprimidos(Tiras)",MedicamentoGenerico,,"1198,ABAMEDPHARMA,S.L",ALTA,01/07/2014,,NORMAL,PARACETAMOL,2.5,2.5,2.5,3334-PARACETAMOL1000MG40COMPRIMIDOS,NO,NO,NO,NO
PARACETAMOL ABAMED Comp. 1 g,https://www.vademecum.es/medicamento-paracetamol+abamed+comp.+1+g_42201,Env. con 20 (blister),698683,"PARACETAMOLABAMED1GCOMPRIMIDOSEFG,20comprimidos(Blister)",MedicamentoGenerico,,"1198,ABAMEDPHARMA,S.L",BAJAPORNOCOMERCIALIZAR,01/11/2013,01/06/2014,NORMAL,PARACETAMOL,1.9,1.9,1.9,3332-PARACETAMOL1000MG20COMPRIMIDOS,NO,NO,NO,NO
PARACETAMOL ABAMED Comp. 1 g,https://www.vademecum.es/medicamento-paracetamol+abamed+comp.+1+g_42201,Env. con 40 (blister),698684,"PARACETAMOLABAMED1GCOMPRIMIDOSEFG,40comprimidos(Blister)",MedicamentoGenerico,,"1198,ABAMEDPHARMA,S.L",BAJAPORNOCOMERCIALIZAR,01/11/2013,01/06/2014,NORMAL,PARACETAMOL,2.5,2.5,2.5,3334-PARACETAMOL1000MG40COMPRIMIDOS,NO,NO,NO,NO
PARACETAMOL ACCORD Comp. efervescente 1 g,https://www.vademecum.es/medicamento-paracetamol+accord+comp.+efervescente+1+g_47025,Env. con 20,720447,PARACETAMOLACCORD1GCOMPRIMIDOSEFERVESCENTESEFG20comprimidos,MedicamentoGenerico,,"1169,ACCORDHEALTHCARE,S.L.U",ALTA,01/08/2018,,NORMAL,PARACETAMOL,2.5,2.5,2.5,3333-PARACETAMOL1000MG20COMPRIMIDOSEFERVESCENTES,NO,NO,NO,NO
PARACETAMOL ACCORD Comp. efervescente 1 g,https://www.vademecum.es/medicamento-paracetamol+accord+comp.+efervescente+1+g_47025,Env. con 40,720448,PARACETAMOLACCORD1GCOMPRIMIDOSEFERVESCENTESEFG40comprimidos,MedicamentoGenerico,,"1169,ACCORDHEALTHCARE,S.L.U",ALTA,01/08/2018,,NORMAL,PARACETAMOL,2.5,2.5,2.5,2408-PARACETAMOL1000MG40COMPRIMIDOSEFERVESCENTES,NO,NO,NO,NO
PARACETAMOL ALTER Comp. 1 g,https://www.vademecum.es/medicamento-paracetamol+alter+comp.+1+g_41355,Env. con 20,696998,"PARACETAMOLALTER1GCOMPRIMIDOSEFG,20comprimidos",MedicamentoGenerico,,"15,ALTERS.A.",ALTA,01/08/2014,,NORMAL,PARACETAMOL,1.9,1.9,1.9,3332-PARACETAMOL1000MG20COMPRIMIDOS,NO,NO,NO,NO
PARACETAMOL ALTER Comp. 1 g,https://www.vademecum.es/medicamento-paracetamol+alter+comp.+1+g_41355,Env. con 40,696999,"PARACETAMOLALTER1GCOMPRIMIDOSEFG,40comprimidos",MedicamentoGenerico,,"15,ALTERS.A.",ALTA,01/08/2014,,NORMAL,PARACETAMOL,2.5,2.5,2.5,3334-PARACETAMOL1000MG40COMPRIMIDOS,NO,NO,NO,NO
PARACETAMOL ALTER Granulado efervescente 1 g,https://www.vademecum.es/medicamento-paracetamol+alter+granulado+efervescente+1+g_29488,Env. con 20 sobres,652882,PARACETAMOLALTER1G/SOBRE20SOBGRANULEFERVEFG,MedicamentoGenerico,,"15,ALTERS.A.",BAJAPORNOCOMERCIALIZAR,16/06/2006,01/01/2019,NORMAL,PARACETAMOL,1.9,1.9,1.9,2406-PARACETAMOL1000MG20SOBRESSOLUCION/SUSPENSIONORALEFERVESCENTE,NO,NO,NO,NO
PARACETAMOL APOTEX Comp. 1 g,https://www.vademecum.es/medicamento-paracetamol+apotex+comp.+1+g_34060,Env. con 20,663679,"PARACETAMOLAPOTEX1gcomprimidos,20comprimidos",MedicamentoGenerico,,"853,APOTEXESPAÑA,S.L",ALTA,01/12/2009,,NORMAL,PARACETAMOL,1.9,1.9,1.9,3332-PARACETAMOL1000MG20COMPRIMIDOS,NO,NO,NO,NO
PARACETAMOL APOTEX Comp. 1 g,https://www.vademecum.es/medicamento-paracetamol+apotex+comp.+1+g_34060,Env. con 40,663680,"PARACETAMOLAPOTEX1gcomprimidos,40comprimidos",MedicamentoGenerico,,"853,APOTEXESPAÑA,S.L",ALTA,01/12/2009,,NORMAL,PARACETAMOL,2.5,2.5,2.5,3334-PARACETAMOL1000MG40COMPRIMIDOS,NO,NO,NO,NO
PARACETAMOL APOTEX Comp. 650 mg,https://www.vademecum.es/medicamento-paracetamol+apotex+comp.+650+mg_34061,Env. con 40,663671,"PARACETAMOLAPOTEX650mgcomprimidos,40comprimidos",MedicamentoGenerico,,"853,APOTEXESPAÑA,S.L",ALTA,01/12/2009,,NORMAL,PARACETAMOL,1.31,1.31,1.31,3336-PARACETAMOL650MG40COMPRIMIDOS,NO,NO,NO,NO
PARACETAMOL ARISTO Comp. 1 g,https://www.vademecum.es/medicamento-paracetamol+aristo+comp.+1+g_42511,Env. con 20,700057,"PARACETAMOLARISTO1GCOMPRIMIDOSEFG,20comprimidos",MedicamentoGenerico,,"1240,ARISTOPHARMAIBERIA,S.L.",ALTA,01/02/2014,,NORMAL,PARACETAMOL,1.9,1.9,1.9,3332-PARACETAMOL1000MG20COMPRIMIDOS,NO,NO,NO,NO
PARACETAMOL ARISTO Comp. 1 g,https://www.vademecum.es/medicamento-paracetamol+aristo+comp.+1+g_42511,Env. con 40,700058,"PARACETAMOLARISTO1GCOMPRIMIDOSEFG,40comprimidos",MedicamentoGenerico,,"1240,ARISTOPHARMAIBERIA,S.L.",ALTA,01/02/2014,,NORMAL,PARACETAMOL,2.5,2.5,2.5,3334-PARACETAMOL1000MG40COMPRIMIDOS,NO,NO,NO,NO
PARACETAMOL ARISTO Comp. efervescente 1 g,https://www.vademecum.es/medicamento-paracetamol+aristo+comp.+efervescente+1+g_41752,Env. con 20,706384,"PARACETAMOLARISTO1GCOMPRIMIDOSEFERVESCENTES,20comprimidos",MedicamentoGenerico,,"1240,ARISTOPHARMAIBERIA,S.L.",ALTA,01/10/2016,,NORMAL,PARACETAMOL,2.5,2.5,2.5,3333-PARACETAMOL1000MG20COMPRIMIDOSEFERVESCENTES,NO,NO,NO,NO
PARACETAMOL ARISTO Comp. efervescente 1 g,https://www.vademecum.es/medicamento-paracetamol+aristo+comp.+efervescente+1+g_41752,Env. con 40,711274,PARACETAMOLARISTO1GCOMPRIMIDOSEFERVESCENTES40comprimidos,MedicamentoGenerico,,"1240,ARISTOPHARMAIBERIA,S.L.",ALTA,01/10/2016,,NORMAL,PARACETAMOL,2.5,2.5,2.5,2408-PARACETAMOL1000MG40COMPRIMIDOSEFERVESCENTES,NO,NO,NO,NO
PARACETAMOL AUROBINDO Comp. 1 g,https://www.vademecum.es/medicamento-paracetamol+aurobindo+comp.+1+g_43264,Env. con 20,700422,"PARACETAMOLAUROBINDO1GCOMPRIMIDOSEFG,20comprimidos",MedicamentoGenerico,,"1151,AUROBINDO,S.L.U",BAJAGENERAL,01/06/2016,01/02/2017,NORMAL,PARACETAMOL,1.9,1.9,1.9,3332-PARACETAMOL1000MG20COMPRIMIDOS,NO,NO,NO,NO
PARACETAMOL AUROBINDO Comp. 1 g,https://www.vademecum.es/medicamento-paracetamol+aurobindo+comp.+1+g_43264,Env. con 40,700424,"PARACETAMOLAUROBINDO1GCOMPRIMIDOSEFG,40comprimidos",MedicamentoGenerico,,"1151,AUROBINDO,S.L.U",BAJAGENERAL,01/06/2016,01/02/2017,NORMAL,PARACETAMOL,2.5,2.5,2.5,3334-PARACETAMOL1000MG40COMPRIMIDOS,NO,NO,NO,NO
PARACETAMOL AUROVITAS Comp. 1 g,https://www.vademecum.es/medicamento-paracetamol+aurovitas+comp.+1+g_39066,Env. con 40,686883,"PARACETAMOLAUROVITAS1GCOMPRIMIDOSEFG,40comprimidos",MedicamentoGenerico,,"1150,AUROVITASSPAIN,S.A.U",ALTA,01/05/2012,,NORMAL,PARACETAMOL,2.5,2.5,2.5,3334-PARACETAMOL1000MG40COMPRIMIDOS,NO,NO,NO,NO
PARACETAMOL AUROVITAS SPAIN Comp. 1 g,https://www.vademecum.es/medicamento-paracetamol+aurovitas+spain+comp.+1+g_47380,Env. con 20,720849,"PARACETAMOLAUROVITASSPAIN1GCOMPRIMIDOSEFG,20comprimidos",MedicamentoGenerico,,"1150,AUROVITASSPAIN,S.A.U",ALTA,01/12/2018,,NORMAL,PARACETAMOL,1.9,1.9,1.9,3332-PARACETAMOL1000MG20COMPRIMIDOS,NO,NO,NO,NO
PARACETAMOL AUROVITAS SPAIN Comp. 1 g,https://www.vademecum.es/medicamento-paracetamol+aurovitas+spain+comp.+1+g_47380,Env. con 40,720850,"PARACETAMOLAUROVITASSPAIN1GCOMPRIMIDOSEFG,40comprimidos",MedicamentoGenerico,,"1150,AUROVITASSPAIN,S.A.U",ALTA,01/12/2018,,NORMAL,PARACETAMOL,2.5,2.5,2.5,3334-PARACETAMOL1000MG40COMPRIMIDOS,NO,NO,NO,NO
PARACETAMOL AUROVITAS SPAIN Comp. 500 mg,https://www.vademecum.es/medicamento-paracetamol+aurovitas+spain+comp.+500+mg_47381,Env. con 20,720851,"PARACETAMOLAUROVITASSPAIN500MGCOMPRIMIDOSEFG,20comprimidos",MedicamentoGenerico,,"1150,AUROVITASSPAIN,S.A.U",ALTA,01/12/2018,,NORMAL,PARACETAMOL,0.67,0.67,.67,2429-PARACETAMOL500MG20COMPRIMIDOS,NO,NO,NO,NO
PARACETAMOL BLUEPHARMA Comp. 1 g,https://www.vademecum.es/medicamento-paracetamol+bluepharma+comp.+1+g_36900,Env. con 1,677364,"PARACETAMOLBLUEPHARMA1gCOMPRIMIDOSEFG,1comprimido",MedicamentoGenerico,,"1203,BLUEPHARMA,S.L",BAJAPORNOCOMERCIALIZAR,01/04/2011,01/02/2019,NORMAL,PARACETAMOL,0.17,0.17,,-,NO,NO,NO,NO
PARACETAMOL CINFA Comp. 1 g,https://www.vademecum.es/medicamento-paracetamol+cinfa+comp.+1+g_33001,Env. con 20,662025,"PARACETAMOLCINFA1gcomprimidos,20comprimidos",MedicamentoGenerico,,"111,CINFAS.A.",ALTA,01/05/2009,,NORMAL,PARACETAMOL,1.9,1.9,1.9,3332-PARACETAMOL1000MG20COMPRIMIDOS,NO,NO,NO,NO
PARACETAMOL CINFA Comp. 1 g,https://www.vademecum.es/medicamento-paracetamol+cinfa+comp.+1+g_33001,Env. con 40,662026,"PARACETAMOLCINFA1gcomprimidos,40comprimidos",MedicamentoGenerico,,"111,CINFAS.A.",ALTA,01/05/2009,,NORMAL,PARACETAMOL,2.5,2.5,2.5,3334-PARACETAMOL1000MG40COMPRIMIDOS,NO,NO,NO,NO
PARACETAMOL CINFA Comp. efervescente 1 g,https://www.vademecum.es/medicamento-paracetamol+cinfa+comp.+efervescente+1+g_36104,Env. con 8,672560,"PARACETAMOLCINFA1gcomprimidosefervescentes,8comprimidos",MedicamentoGenerico,,"111,CINFAS.A.",SUSPENSIONTEMPORALGENERAL,01/12/2010,,NORMAL,PARACETAMOL,1.45,1.45,,2412-PARACETAMOL1000MG8COMPRIMIDOSEFERVESCENTES,NO,NO,NO,NO
PARACETAMOL CINFA Comp. efervescente 1 g,https://www.vademecum.es/medicamento-paracetamol+cinfa+comp.+efervescente+1+g_36104,Env. con env. con 40,672562,"PARACETAMOLCINFA1gcomprimidosefervescentes,40comprimidos",MedicamentoGenerico,,"111,CINFAS.A.",SUSPENSIONTEMPORALGENERAL,01/12/2010,,NORMAL,PARACETAMOL,2.5,2.5,2.5,2408-PARACETAMOL1000MG40COMPRIMIDOSEFERVESCENTES,NO,NO,NO,NO
PARACETAMOL CINFA Comp. recub. con película 650 mg,https://www.vademecum.es/medicamento-paracetamol+cinfa+comp.+recub.+con+pelicula+650+mg_30423,Env. con 20,656128,PARACETAMOLCINFA650MG20COMPRIMRECUBPELICEFG,MedicamentoGenerico,,"111,CINFAS.A.",ALTA,15/01/2007,,NORMAL,PARACETAMOL,0.86,0.86,.86,3335-PARACETAMOL650MG20COMPRIMIDOS,NO,NO,NO,NO
PARACETAMOL CINFA Comp. recub. con película 650 mg,https://www.vademecum.es/medicamento-paracetamol+cinfa+comp.+recub.+con+pelicula+650+mg_30423,Env. con 40,656129,PARACETAMOLCINFA650MG40COMPRIMRECUBPELICEFG,MedicamentoGenerico,,"111,CINFAS.A.",ALTA,15/01/2007,,NORMAL,PARACETAMOL,1.31,1.31,1.31,3336-PARACETAMOL650MG40COMPRIMIDOS,NO,NO,NO,NO
PARACETAMOL CINFA Polvo efervescente 1 g,https://www.vademecum.es/medicamento-paracetamol+cinfa+polvo+efervescente+1+g_30068,Env. con 20 sobres,655871,PARACETAMOLCINFA1G20SOBRPOLVOEFERVESCENTEFG,MedicamentoGenerico,,"111,CINFAS.A.",ALTA,11/12/2006,,NORMAL,PARACETAMOL,1.9,1.9,1.9,2406-PARACETAMOL1000MG20SOBRESSOLUCION/SUSPENSIONORALEFERVESCENTE,NO,NO,NO,NO
PARACETAMOL CINFA Polvo efervescente 1 g,https://www.vademecum.es/medicamento-paracetamol+cinfa+polvo+efervescente+1+g_30068,Env. con 40 sobres,655872,PARACETAMOLCINFA1G40SOBRPOLVOEFERVESCENTEFG,MedicamentoGenerico,,"111,CINFAS.A.",ALTA,11/12/2006,,NORMAL,PARACETAMOL,2.5,2.5,2.5,2410-PARACETAMOL1000MG40SOBRESSOLUCION/SUSPENSIONORALEFERVESCENTE,NO,NO,NO,NO
PARACETAMOL CIPLA Comp. 1 g,https://www.vademecum.es/medicamento-paracetamol+cipla+comp.+1+g_39064,Env. con 20,686884,"PARACETAMOLCIPLA1gCOMPRIMIDOSEFG,20comprimidos",MedicamentoGenerico,,"1259,CIPLAEUROPENVSUCURSALENESPAÑA",BAJAPORNOCOMERCIALIZAR,01/12/2014,01/03/2018,NORMAL,PARACETAMOL,1.9,1.9,1.9,3332-PARACETAMOL1000MG20COMPRIMIDOS,NO,NO,NO,NO
PARACETAMOL CIPLA Comp. 1 g,https://www.vademecum.es/medicamento-paracetamol+cipla+comp.+1+g_39064,Env. con 40,686885,"PARACETAMOLCIPLA1gCOMPRIMIDOSEFG,40comprimidos",MedicamentoGenerico,,"1259,CIPLAEUROPENVSUCURSALENESPAÑA",BAJAPORNOCOMERCIALIZAR,01/10/2015,01/03/2018,NORMAL,PARACETAMOL,2.5,2.5,2.5,3334-PARACETAMOL1000MG40COMPRIMIDOS,NO,NO,NO,NO
PARACETAMOL CIPLA Comp. 500 mg,https://www.vademecum.es/medicamento-paracetamol+cipla+comp.+500+mg_41353,Env. con 20,697012,"PARACETAMOLCIPLA500MGCOMPRIMIDOSEFG,20comprimidos",MedicamentoGenerico,,"1259,CIPLAEUROPENVSUCURSALENESPAÑA",BAJAPORNOCOMERCIALIZAR,01/10/2015,01/03/2018,NORMAL,PARACETAMOL,0.67,0.67,.67,2429-PARACETAMOL500MG20COMPRIMIDOS,NO,NO,NO,NO
PARACETAMOL CIPLA Comp. 650 mg,https://www.vademecum.es/medicamento-paracetamol+cipla+comp.+650+mg_39065,Env. con 20,686890,"PARACETAMOLCIPLA650MGCOMPRIMIDOSEFG,20comprimidos",MedicamentoGenerico,,"1259,CIPLAEUROPENVSUCURSALENESPAÑA",BAJAPORNOCOMERCIALIZAR,01/12/2014,01/03/2018,NORMAL,PARACETAMOL,0.86,0.86,.86,3335-PARACETAMOL650MG20COMPRIMIDOS,NO,NO,NO,NO
PARACETAMOL CIPLA Comp. 650 mg,https://www.vademecum.es/medicamento-paracetamol+cipla+comp.+650+mg_39065,Env. con 40,686891,"PARACETAMOLCIPLA650MGCOMPRIMIDOSEFG,40comprimidos",MedicamentoGenerico,,"1259,CIPLAEUROPENVSUCURSALENESPAÑA",BAJAPORNOCOMERCIALIZAR,01/10/2015,01/03/2018,NORMAL,PARACETAMOL,1.31,1.31,1.31,3336-PARACETAMOL650MG40COMPRIMIDOS,NO,NO,NO,NO
PARACETAMOL CIPLA Comp. efervescente 1 g,https://www.vademecum.es/medicamento-paracetamol+cipla+comp.+efervescente+1+g_46278,Env. con 40,708590,"PARACETAMOLCIPLA1GCOMPRIMIDOSEFERVESCENTESEFG,40comprimidos(4-plylaminado-PPFP(papelcristal/PE/Al/PE)",MedicamentoGenerico,,"1259,CIPLAEUROPENVSUCURSALENESPAÑA",ALTA,01/01/2018,,NORMAL,PARACETAMOL,2.5,2.5,2.5,2408-PARACETAMOL1000MG40COMPRIMIDOSEFERVESCENTES,NO,NO,NO,NO
PARACETAMOL CIPLA Comp. efervescente 1 g,https://www.vademecum.es/medicamento-paracetamol+cipla+comp.+efervescente+1+g_46278,Env. con 20,719969,"PARACETAMOLCIPLA1GCOMPRIMIDOSEFERVESCENTESEFG,20comprimidos",MedicamentoGenerico,,"1259,CIPLAEUROPENVSUCURSALENESPAÑA",ALTA,01/03/2018,,NORMAL,PARACETAMOL,2.5,2.5,2.5,3333-PARACETAMOL1000MG20COMPRIMIDOSEFERVESCENTES,NO,NO,NO,NO
PARACETAMOL DARI PHARMA Comp. efervescente 1 g,https://www.vademecum.es/medicamento-paracetamol+dari+pharma+comp.+efervescente+1+g_43813,Env. con 20,702825,"PARACETAMOLDARIPHARMA1GCOMPRIMIDOSEFERVESCENTESEFG,20comprimidos",MedicamentoGenerico,,"1326,DARIPHARMAS.L.U",ALTA,01/08/2018,,NORMAL,PARACETAMOL,2.5,2.5,2.5,3333-PARACETAMOL1000MG20COMPRIMIDOSEFERVESCENTES,NO,NO,NO,NO
PARACETAMOL DARI PHARMA Comp. efervescente 1 g,https://www.vademecum.es/medicamento-paracetamol+dari+pharma+comp.+efervescente+1+g_43813,Env. con 40,702827,"PARACETAMOLDARIPHARMA1GCOMPRIMIDOSEFERVESCENTESEFG,40comprimidos(2tubosde20comprimidos)",MedicamentoGenerico,,"1326,DARIPHARMAS.L.U",ALTA,01/10/2017,,NORMAL,PARACETAMOL,2.5,2.5,2.5,2408-PARACETAMOL1000MG40COMPRIMIDOSEFERVESCENTES,NO,NO,NO,NO
PARACETAMOL ERN Sol. oral 100 mg/ml,https://www.vademecum.es/medicamento-paracetamol+ern+sol.+oral+100+mg%2Fml_40012,Env. con 1 frasco de 30 ml,691263,"PARACETAMOLIONFARMA100mg/mlSOLUCIONORAL,1frascode30ml",MedicamentoEtica,,"1152,IONFARMA,S.L",ALTA,01/12/2015,,NORMAL,PARACETAMOL,1.75,1.75,1.75,3330-PARACETAMOL100MG30MLSOLUCION/SUSPENSIONORAL,NO,NO,NO,NO
PARACETAMOL KERN PHARMA Comp. 1 g,https://www.vademecum.es/medicamento-paracetamol+kern+pharma+comp.+1+g_30763,Env. con 20,658256,"PARACETAMOLKERNPHARMA1GCOMPRIMIDOS,20Comprimidos",MedicamentoGenerico,,"863,KERNPHARMA,S.L.",ALTA,23/05/2007,,NORMAL,PARACETAMOL,1.9,1.9,1.9,3332-PARACETAMOL1000MG20COMPRIMIDOS,NO,NO,NO,NO
PARACETAMOL KERN PHARMA Comp. 1 g,https://www.vademecum.es/medicamento-paracetamol+kern+pharma+comp.+1+g_30763,Env. con 40,658257,"PARACETAMOLKERNPHARMA1GCOMPRIMIDOS,40Comprimidos",MedicamentoGenerico,,"863,KERNPHARMA,S.L.",ALTA,23/05/2007,,NORMAL,PARACETAMOL,2.5,2.5,2.5,3334-PARACETAMOL1000MG40COMPRIMIDOS,NO,NO,NO,NO
PARACETAMOL KERN PHARMA Comp. 500 mg,https://www.vademecum.es/medicamento-paracetamol+kern+pharma+comp.+500+mg_39264,Env. con 20,687626,"PARACETAMOLKERNPHARMA500MGCOMPRIMIDOS,20comprimidos",MedicamentoGenerico,,"863,KERNPHARMA,S.L.",ALTA,01/04/2012,,NORMAL,PARACETAMOL,0.67,0.67,.67,2429-PARACETAMOL500MG20COMPRIMIDOS,NO,NO,NO,NO
PARACETAMOL KERN PHARMA Comp. 650 mg,https://www.vademecum.es/medicamento-paracetamol+kern+pharma+comp.+650+mg_27640,Env. con 20,759373,"PARACETAMOLKERNPHARMA650mgcomprimidos,20comprimidos",MedicamentoGenerico,,"863,KERNPHARMA,S.L.",ALTA,22/04/2004,,NORMAL,PARACETAMOL,0.86,0.86,.86,3335-PARACETAMOL650MG20COMPRIMIDOS,NO,NO,NO,NO
PARACETAMOL KERN PHARMA Comp. 650 mg,https://www.vademecum.es/medicamento-paracetamol+kern+pharma+comp.+650+mg_27640,Env. con 40,655905,"PARACETAMOLKERNPHARMA650mgcomprimidos,40comprimidos",MedicamentoGenerico,,"863,KERNPHARMA,S.L.",ALTA,12/12/2006,,NORMAL,PARACETAMOL,1.31,1.31,1.31,3336-PARACETAMOL650MG40COMPRIMIDOS,NO,NO,NO,NO
PARACETAMOL KERN PHARMA Comp. efervescente 1 g,https://www.vademecum.es/medicamento-paracetamol+kern+pharma+comp.+efervescente+1+g_35837,Env. con 40,665651,"PARACETAMOLKERNPHARMA1gcomprimidosefervescentes,40comprimidos",MedicamentoGenerico,,"863,KERNPHARMA,S.L.",ALTA,01/11/2010,,NORMAL,PARACETAMOL,2.5,2.5,2.5,2408-PARACETAMOL1000MG40COMPRIMIDOSEFERVESCENTES,NO,NO,NO,NO
PARACETAMOL KERN PHARMA Sol. oral 100 mg/ml,https://www.vademecum.es/medicamento-paracetamol+kern+pharma+sol.+oral+100+mg%2Fml_31925,Env. con 1 frasco de 30 ml,660172,"PARACETAMOLKERNPHARMA100mg/mlgotasoralesensolucion,1frascode30ml",MedicamentoGenerico,,"863,KERNPHARMA,S.L.",ALTA,05/03/2008,,NORMAL,PARACETAMOL,1.75,1.75,1.75,3330-PARACETAMOL100MG30MLSOLUCION/SUSPENSIONORAL,NO,NO,NO,NO
PARACETAMOL KERN PHARMA Sol. oral 100 mg/ml,https://www.vademecum.es/medicamento-paracetamol+kern+pharma+sol.+oral+100+mg%2Fml_31925,Env. con 1 frasco de 60 ml,660173,"PARACETAMOLKERNPHARMA100mg/mlgotasoralesensolucion,1frascode60ml",MedicamentoGenerico,,"863,KERNPHARMA,S.L.",ALTA,05/03/2008,,NORMAL,PARACETAMOL,3.12,3.12,3.12,3331-PARACETAMOL100MG60MLSOLUCION/SUSPENSIONORAL,NO,NO,NO,NO
PARACETAMOL LEVEL Sol. oral 100 mg/ml,https://www.vademecum.es/medicamento-paracetamol+level+sol.+oral+100+mg%2Fml_ficha_30762,Env. con 1 frasco de 30 ml,658228,"PARACETAMOLLEVEL100mg/mlsolucionoral,1frascode30ml",MedicamentoGenerico,,"178,LABORATORIOSERNS.A.",ALTA,01/09/2010,,NORMAL,PARACETAMOL,1.75,1.75,1.75,3330-PARACETAMOL100MG30MLSOLUCION/SUSPENSIONORAL,NO,NO,NO,NO
PARACETAMOL LEVEL Sol. oral 100 mg/ml,https://www.vademecum.es/medicamento-paracetamol+level+sol.+oral+100+mg%2Fml_ficha_30762,Env. con 1 frasco de 60 ml,658230,"PARACETAMOLLEVEL100mg/mlsolucionoral,1frascode60ml",MedicamentoGenerico,,"178,LABORATORIOSERNS.A.",ALTA,01/09/2010,,NORMAL,PARACETAMOL,3.12,3.12,3.12,3331-PARACETAMOL100MG60MLSOLUCION/SUSPENSIONORAL,NO,NO,NO,NO
PARACETAMOL LIDERFEN Comp. 1 g,https://www.vademecum.es/medicamento-paracetamol+liderfen+comp.+1+g_39067,Env. con 20,686892,"PARACETAMOLLIDERFEN1gCOMPRIMIDOS,20comprimidos",MedicamentoGenerico,,"136,FARMALIDERS.A.",ALTA,01/12/2014,,NORMAL,PARACETAMOL,1.9,1.9,1.9,3332-PARACETAMOL1000MG20COMPRIMIDOS,NO,NO,NO,NO
PARACETAMOL MABO Comp. 1 g,https://www.vademecum.es/medicamento-paracetamol+mabo+comp.+1+g_36899,Env. con 40,677504,"PARACETAMOLMABO1gCOMPRIMIDOS,40comprimidos",MedicamentoGenerico,,"789,MABO-FARMA,S.A.",ALTA,01/06/2011,,NORMAL,PARACETAMOL,2.5,2.5,2.5,3334-PARACETAMOL1000MG40COMPRIMIDOS,NO,NO,NO,NO
PARACETAMOL MUNDOGEN Comp. 500 mg,https://www.vademecum.es/medicamento-paracetamol+mundogen+comp.+500+mg_20116,Env. con 20,660324,PARACETAMOLMUNDOGEN500MG20COMPRIMIDOSEFG,MedicamentoGenerico,,"1072,RANBAXY,S.L.",ALTA,08/05/2001,,NORMAL,PARACETAMOL,0.67,0.67,.67,2429-PARACETAMOL500MG20COMPRIMIDOS,NO,NO,NO,NO
PARACETAMOL MUNDOGEN Comp. 650 mg,https://www.vademecum.es/medicamento-paracetamol+mundogen+comp.+650+mg_23464,Env. con 20,660415,"PARACETAMOLMUNDOGEN650mgcomprimidos,20comprimidos",MedicamentoGenerico,,"1072,RANBAXY,S.L.",ALTA,08/05/2001,,NORMAL,PARACETAMOL,0.86,0.86,.86,3335-PARACETAMOL650MG20COMPRIMIDOS,NO,NO,NO,NO
PARACETAMOL MUNDOGEN Comp. 650 mg,https://www.vademecum.es/medicamento-paracetamol+mundogen+comp.+650+mg_23464,Env. con 40,659926,PARACETAMOLMUNDOGEN650mgcomprimidos40comprimidos,MedicamentoGenerico,,"1072,RANBAXY,S.L.",ALTA,05/03/2008,,NORMAL,PARACETAMOL,1.31,1.31,1.31,3336-PARACETAMOL650MG40COMPRIMIDOS,NO,NO,NO,NO
PARACETAMOL MYLAN Comp. 1 g,https://www.vademecum.es/medicamento-paracetamol+mylan+comp.+1+g_33013,Env. con 20,662041,"PARACETAMOLMYLAN1gcomprimidos,20comprimidos",MedicamentoGenerico,,"1011,MYLANPHARMACEUTICALS,S.L",ALTA,01/05/2009,,NORMAL,PARACETAMOL,1.9,1.9,1.9,3332-PARACETAMOL1000MG20COMPRIMIDOS,NO,NO,NO,NO
PARACETAMOL MYLAN Comp. 1 g,https://www.vademecum.es/medicamento-paracetamol+mylan+comp.+1+g_33013,Env. con 40,662042,"PARACETAMOLMYLAN1gcomprimidos,40comprimidos",MedicamentoGenerico,,"1011,MYLANPHARMACEUTICALS,S.L",ALTA,01/05/2009,,NORMAL,PARACETAMOL,2.5,2.5,2.5,3334-PARACETAMOL1000MG40COMPRIMIDOS,NO,NO,NO,NO
PARACETAMOL MYLAN Comp. 650 mg,https://www.vademecum.es/medicamento-paracetamol+mylan+comp.+650+mg_33014,Env. con 20,661998,"PARACETAMOLMYLAN650mgcomprimidos,20comprimidos",MedicamentoGenerico,,"1011,MYLANPHARMACEUTICALS,S.L",ALTA,01/05/2009,,NORMAL,PARACETAMOL,0.86,0.86,.86,3335-PARACETAMOL650MG20COMPRIMIDOS,NO,NO,NO,NO
PARACETAMOL MYLAN Comp. 650 mg,https://www.vademecum.es/medicamento-paracetamol+mylan+comp.+650+mg_33014,Env. con 40,661999,"PARACETAMOLMYLAN650mgcomprimidos,40comprimidos",MedicamentoGenerico,,"1011,MYLANPHARMACEUTICALS,S.L",ALTA,01/05/2009,,NORMAL,PARACETAMOL,1.31,1.31,1.31,3336-PARACETAMOL650MG40COMPRIMIDOS,NO,NO,NO,NO
PARACETAMOL NORMON Comp. 500 mg,https://www.vademecum.es/medicamento-paracetamol+normon+comp.+500+mg_30764,Env. con 20,658244,"PARACETAMOLNORMON500mgComprimidos,20comprimidos",MedicamentoGenerico,,"426,NORMONS.A.",ALTA,21/05/2007,,NORMAL,PARACETAMOL,0.67,0.67,.67,2429-PARACETAMOL500MG20COMPRIMIDOS,NO,NO,NO,NO
PARACETAMOL NORMON Comp. 650 mg,https://www.vademecum.es/medicamento-paracetamol+normon+comp.+650+mg_30765,Env. con 20,658246,"PARACETAMOLNORMON650mgComprimidos,20comprimidos",MedicamentoGenerico,,"426,NORMONS.A.",ALTA,21/05/2007,,NORMAL,PARACETAMOL,0.86,0.86,.86,3335-PARACETAMOL650MG20COMPRIMIDOS,NO,NO,NO,NO
PARACETAMOL NORMON Comp. 650 mg,https://www.vademecum.es/medicamento-paracetamol+normon+comp.+650+mg_30765,Env. con 40,658247,"PARACETAMOLNORMON650mgComprimidos,40comprimidos",MedicamentoGenerico,,"426,NORMONS.A.",ALTA,21/05/2007,,NORMAL,PARACETAMOL,1.31,1.31,1.31,3336-PARACETAMOL650MG40COMPRIMIDOS,NO,NO,NO,NO
PARACETAMOL PENSA Comp. 1 g,https://www.vademecum.es/medicamento-paracetamol+pensa+comp.+1+g_32014,Env. con 20,660267,"PARACETAMOLPENSA1gcomprimidos,20comprimidos",MedicamentoGenerico,,"1114,PENSAPHARMA,S.A.U",ALTA,09/05/2008,,NORMAL,PARACETAMOL,1.9,1.9,1.9,3332-PARACETAMOL1000MG20COMPRIMIDOS,NO,NO,NO,NO
PARACETAMOL PENSA Comp. 1 g,https://www.vademecum.es/medicamento-paracetamol+pensa+comp.+1+g_32014,Env. con 40,660268,"PARACETAMOLPENSA1gcomprimidos,40comprimidos",MedicamentoGenerico,,"1114,PENSAPHARMA,S.A.U",ALTA,09/05/2008,,NORMAL,PARACETAMOL,2.5,2.5,2.5,3334-PARACETAMOL1000MG40COMPRIMIDOS,NO,NO,NO,NO
PARACETAMOL PENSA Comp. 500 mg,https://www.vademecum.es/medicamento-paracetamol+pensa+comp.+500+mg_41538,Env. con 20,697170,"PARACETAMOLPENSA500MGCOMPRIMIDOSEFG,20comprimidos",MedicamentoGenerico,,"1114,PENSAPHARMA,S.A.U",ALTA,01/08/2013,,NORMAL,PARACETAMOL,0.67,0.67,.67,2429-PARACETAMOL500MG20COMPRIMIDOS,NO,NO,NO,NO
PARACETAMOL PENSA Comp. 650 mg,https://www.vademecum.es/medicamento-paracetamol+pensa+comp.+650+mg_25230,Env. con 20,685362,PARACETAMOLPENSA650MG20COMPRIMIDOSEFG,MedicamentoGenerico,,"1114,PENSAPHARMA,S.A.U",ALTA,29/04/2003,,NORMAL,PARACETAMOL,0.86,0.86,.86,3335-PARACETAMOL650MG20COMPRIMIDOS,NO,NO,NO,NO
PARACETAMOL PENSA Comp. 650 mg,https://www.vademecum.es/medicamento-paracetamol+pensa+comp.+650+mg_25230,Env. con 40,658506,"PARACETAMOLPENSA650mgComprimidos,40Comprimidos",MedicamentoGenerico,,"1114,PENSAPHARMA,S.A.U",ALTA,19/06/2007,,NORMAL,PARACETAMOL,1.31,1.31,1.31,3336-PARACETAMOL650MG40COMPRIMIDOS,NO,NO,NO,NO
PARACETAMOL PENSA Comp. efervescente 1 g,https://www.vademecum.es/medicamento-paracetamol+pensa+comp.+efervescente+1+g_43814,Env. con 20,702822,"PARACETAMOLPENSA1GCOMPRIMIDOSEFERVESCENTESEFG,20comprimidos",MedicamentoGenerico,,"1114,PENSAPHARMA,S.A.U",BAJAPORNOCOMERCIALIZAR,01/03/2016,01/04/2016,NORMAL,PARACETAMOL,2.5,2.5,2.5,3333-PARACETAMOL1000MG20COMPRIMIDOSEFERVESCENTES,NO,NO,NO,NO
PARACETAMOL PENSA Comp. efervescente 1 g,https://www.vademecum.es/medicamento-paracetamol+pensa+comp.+efervescente+1+g_43814,Env. con 40,702824,"PARACETAMOLPENSA1GCOMPRIMIDOSEFERVESCENTESEFG,40comprimidos(2tubosde20comprimidos)",MedicamentoGenerico,,"1114,PENSAPHARMA,S.A.U",ALTA,01/03/2016,,NORMAL,PARACETAMOL,2.5,2.5,2.5,2408-PARACETAMOL1000MG40COMPRIMIDOSEFERVESCENTES,NO,NO,NO,NO
PARACETAMOL PHARMA COMBIX Comp. 1 g,https://www.vademecum.es/medicamento-paracetamol+pharma+combix+comp.+1+g_34059,Env. con 20,663663,"PARACETAMOLPHARMACOMBIX1gcomprimidos,20comprimidos",MedicamentoGenerico,,"1128,COMBIX,S.L",ALTA,01/01/2010,,NORMAL,PARACETAMOL,1.9,1.9,1.9,3332-PARACETAMOL1000MG20COMPRIMIDOS,NO,NO,NO,NO
PARACETAMOL PHARMA COMBIX Comp. 1 g,https://www.vademecum.es/medicamento-paracetamol+pharma+combix+comp.+1+g_34059,Env. con 40,663664,"PARACETAMOLPHARMACOMBIX1gcomprimidos,40comprimidos",MedicamentoGenerico,,"1128,COMBIX,S.L",ALTA,01/01/2010,,NORMAL,PARACETAMOL,2.5,2.5,2.5,3334-PARACETAMOL1000MG40COMPRIMIDOS,NO,NO,NO,NO
PARACETAMOL QUALIGEN Comp. 1 g,https://www.vademecum.es/medicamento-paracetamol+qualigen+comp.+1+g_33003,Env. con 20,662013,"PARACETAMOLQUALIGEN1gcomprimidos,20comprimidos",MedicamentoGenerico,,"1131,NEURAXPHARMSPAIN,S.L.U",ALTA,01/05/2009,,NORMAL,PARACETAMOL,1.9,1.9,1.9,3332-PARACETAMOL1000MG20COMPRIMIDOS,NO,NO,NO,NO
PARACETAMOL QUALIGEN Comp. 1 g,https://www.vademecum.es/medicamento-paracetamol+qualigen+comp.+1+g_33003,Env. con 40,662014,"PARACETAMOLQUALIGEN1gcomprimidos,40comprimidos",MedicamentoGenerico,,"1131,NEURAXPHARMSPAIN,S.L.U",ALTA,01/05/2009,,NORMAL,PARACETAMOL,2.5,2.5,2.5,3334-PARACETAMOL1000MG40COMPRIMIDOS,NO,NO,NO,NO
PARACETAMOL QUALIGEN Comp. efervescente 1 g,https://www.vademecum.es/medicamento-paracetamol+qualigen+comp.+efervescente+1+g_30837,Env. con 40,658461,"PARACETAMOLQUALIGEN1gcomprimidosefervescentes,40COMPRIMIDOS",MedicamentoGenerico,,"1131,NEURAXPHARMSPAIN,S.L.U",ALTA,25/07/2007,,NORMAL,PARACETAMOL,2.5,2.5,2.5,2408-PARACETAMOL1000MG40COMPRIMIDOSEFERVESCENTES,NO,NO,NO,NO
PARACETAMOL QUALIGEN Comp. efervescente 1 g,https://www.vademecum.es/medicamento-paracetamol+qualigen+comp.+efervescente+1+g_30837,Env. con 20,661219,"PARACETAMOLQUALIGEN1gcomprimidosefervescentes,20comprimidos",MedicamentoGenerico,,"1131,NEURAXPHARMSPAIN,S.L.U",ALTA,01/12/2008,,NORMAL,PARACETAMOL,2.5,2.5,2.5,3333-PARACETAMOL1000MG20COMPRIMIDOSEFERVESCENTES,NO,NO,NO,NO
PARACETAMOL RATIO Comp. 1 g,https://www.vademecum.es/medicamento-paracetamol+ratio+comp.+1+g_34247,Env. con 20,664012,"PARACETAMOLRATIO1GCOMPRIMIDOS,20comprimidos",MedicamentoGenerico,,"704,RATIOPHARMESPAÑAS.A.",ALTA,01/03/2010,,NORMAL,PARACETAMOL,1.9,1.9,1.9,3332-PARACETAMOL1000MG20COMPRIMIDOS,NO,NO,NO,NO
PARACETAMOL RATIO Comp. 1 g,https://www.vademecum.es/medicamento-paracetamol+ratio+comp.+1+g_34247,Env. con 40,664013,"PARACETAMOLRATIO1GCOMPRIMIDOS,40comprimidos",MedicamentoGenerico,,"704,RATIOPHARMESPAÑAS.A.",ALTA,01/03/2010,,NORMAL,PARACETAMOL,2.5,2.5,2.5,3334-PARACETAMOL1000MG40COMPRIMIDOS,NO,NO,NO,NO
PARACETAMOL RATIO Comp. 650 mg,https://www.vademecum.es/medicamento-paracetamol+ratio+comp.+650+mg_33002,Env. con 20,662017,"PARACETAMOLRATIO650mgCOMPRIMIDOS,20comprimidos",MedicamentoGenerico,,"704,RATIOPHARMESPAÑAS.A.",ALTA,01/05/2009,,NORMAL,PARACETAMOL,0.86,0.86,.86,3335-PARACETAMOL650MG20COMPRIMIDOS,NO,NO,NO,NO
PARACETAMOL RATIO Comp. 650 mg,https://www.vademecum.es/medicamento-paracetamol+ratio+comp.+650+mg_33002,Env. con 40,662018,"PARACETAMOLRATIO650mgCOMPRIMIDOS,40comprimidos",MedicamentoGenerico,,"704,RATIOPHARMESPAÑAS.A.",ALTA,01/05/2009,,NORMAL,PARACETAMOL,1.31,1.31,1.31,3336-PARACETAMOL650MG40COMPRIMIDOS,NO,NO,NO,NO
PARACETAMOL SANDOZ Comp. 1 g,https://www.vademecum.es/medicamento-paracetamol+sandoz+comp.+1+g_32999,Env. con 20,662029,"PARACETAMOLSANDOZ1gcomprimidos,20comprimidos",MedicamentoGenerico,,"644,SANDOZFARMACEUTICA,S.A",ALTA,01/05/2009,,NORMAL,PARACETAMOL,1.9,1.9,1.9,3332-PARACETAMOL1000MG20COMPRIMIDOS,NO,NO,NO,NO
PARACETAMOL SANDOZ Comp. 1 g,https://www.vademecum.es/medicamento-paracetamol+sandoz+comp.+1+g_32999,Env. con 40,662030,"PARACETAMOLSANDOZ1gcomprimidos,40comprimidos",MedicamentoGenerico,,"644,SANDOZFARMACEUTICA,S.A",ALTA,01/05/2009,,NORMAL,PARACETAMOL,2.5,2.5,2.5,3334-PARACETAMOL1000MG40COMPRIMIDOS,NO,NO,NO,NO
PARACETAMOL SANDOZ Comp. 650 mg,https://www.vademecum.es/medicamento-paracetamol+sandoz+comp.+650+mg_33000,Env. con 20,662027,"PARACETAMOLSANDOZ650mgcomprimidos,20comprimidos",MedicamentoGenerico,,"644,SANDOZFARMACEUTICA,S.A",ALTA,01/05/2009,,NORMAL,PARACETAMOL,0.86,0.86,.86,3335-PARACETAMOL650MG20COMPRIMIDOS,NO,NO,NO,NO
PARACETAMOL SANDOZ Comp. 650 mg,https://www.vademecum.es/medicamento-paracetamol+sandoz+comp.+650+mg_33000,Env. con 40,662028,"PARACETAMOLSANDOZ650mgcomprimidos,40comprimidos",MedicamentoGenerico,,"644,SANDOZFARMACEUTICA,S.A",ALTA,01/05/2009,,NORMAL,PARACETAMOL,1.31,1.31,1.31,3336-PARACETAMOL650MG40COMPRIMIDOS,NO,NO,NO,NO
PARACETAMOL SANDOZ Comp. recub. con película 500 mg,https://www.vademecum.es/medicamento-paracetamol+sandoz+comp.+recub.+con+pelicula+500+mg_37517,Env. con 20,679560,"PARACETAMOLSANDOZ500mgCOMPRIMIDOSRECUBIERTOSCONPELICULA,20comprimidos",MedicamentoGenerico,,"644,SANDOZFARMACEUTICA,S.A",ALTA,01/07/2011,,NORMAL,PARACETAMOL,0.67,0.67,.67,2429-PARACETAMOL500MG20COMPRIMIDOS,NO,NO,NO,NO
PARACETAMOL STADA Comp. 1 g,https://www.vademecum.es/medicamento-paracetamol+stada+comp.+1+g_32016,Env. con 20,660260,"PARACETAMOLSTADA1gcomprimidos,20comprimidos",MedicamentoGenerico,,"805,STADA,S.L",ALTA,09/05/2008,,NORMAL,PARACETAMOL,1.9,1.9,1.9,3332-PARACETAMOL1000MG20COMPRIMIDOS,NO,NO,NO,NO
PARACETAMOL STADA Comp. 1 g,https://www.vademecum.es/medicamento-paracetamol+stada+comp.+1+g_32016,Env. con 40,660261,"PARACETAMOLSTADA1gcomprimidos,40comprimidos",MedicamentoGenerico,,"805,STADA,S.L",ALTA,09/05/2008,,NORMAL,PARACETAMOL,2.5,2.5,2.5,3334-PARACETAMOL1000MG40COMPRIMIDOS,NO,NO,NO,NO
PARACETAMOL STADA Comp. 650 mg,https://www.vademecum.es/medicamento-paracetamol+stada+comp.+650+mg_32017,Env. con 20,660256,"PARACETAMOLSTADA650mgcomprimidos,20comprimidos",MedicamentoGenerico,,"805,STADA,S.L",ALTA,09/05/2008,,NORMAL,PARACETAMOL,0.86,0.86,.86,3335-PARACETAMOL650MG20COMPRIMIDOS,NO,NO,NO,NO
PARACETAMOL STADA Comp. 650 mg,https://www.vademecum.es/medicamento-paracetamol+stada+comp.+650+mg_32017,Env. con 40,660257,"PARACETAMOLSTADA650mgcomprimidos,40comprimidos",MedicamentoGenerico,,"805,STADA,S.L",ALTA,09/05/2008,,NORMAL,PARACETAMOL,1.31,1.31,1.31,3336-PARACETAMOL650MG40COMPRIMIDOS,NO,NO,NO,NO
PARACETAMOL STADAGEN Comp. efervescente 1 g,https://www.vademecum.es/medicamento-paracetamol+stadagen+comp.+efervescente+1+g_43815,Env. con 20,702828,"PARACETAMOLSTADAGEN1GCOMPRIMIDOSEFERVESCENTESEFG,20comprimidos",MedicamentoGenerico,,"805,STADA,S.L",ALTA,01/10/2014,,NORMAL,PARACETAMOL,2.5,2.5,2.5,3333-PARACETAMOL1000MG20COMPRIMIDOSEFERVESCENTES,NO,NO,NO,NO
PARACETAMOL STADAGEN Comp. efervescente 1 g,https://www.vademecum.es/medicamento-paracetamol+stadagen+comp.+efervescente+1+g_43815,Env. con 40,702831,"PARACETAMOLSTADAGEN1GCOMPRIMIDOSEFERVESCENTESEFG,40comprimidos(2tubosde20comprimidos)",MedicamentoGenerico,,"805,STADA,S.L",ALTA,01/10/2014,,NORMAL,PARACETAMOL,2.5,2.5,2.5,2408-PARACETAMOL1000MG40COMPRIMIDOSEFERVESCENTES,NO,NO,NO,NO
PARACETAMOL TARBIS Comp. 1 g,https://www.vademecum.es/medicamento-paracetamol+tarbis+comp.+1+g_36902,Env. con 20 (blister),684561,"PARACETAMOLTARBIS1gCOMPRIMIDOS,20comprimidos",MedicamentoGenerico,,"741,TARBISFARMA,S.L.",BAJAGENERAL,01/03/2012,01/02/2019,NORMAL,PARACETAMOL,1.9,1.9,1.9,3332-PARACETAMOL1000MG20COMPRIMIDOS,NO,NO,NO,NO
PARACETAMOL TARBIS Comp. 1 g,https://www.vademecum.es/medicamento-paracetamol+tarbis+comp.+1+g_36902,Env. con 40 (blister),684562,"PARACETAMOLTARBIS1gCOMPRIMIDOS,40comprimidos",MedicamentoGenerico,,"741,TARBISFARMA,S.L.",BAJAGENERAL,01/03/2012,01/02/2019,NORMAL,PARACETAMOL,2.5,2.5,2.5,3334-PARACETAMOL1000MG40COMPRIMIDOS,NO,NO,NO,NO
PARACETAMOL TARBIS FARMA Comp. 1 g,https://www.vademecum.es/medicamento-paracetamol+tarbis+farma+comp.+1+g_41354,Env. con 20,697000,"PARACETAMOLTARBISFARMA1GCOMPRIMIDOSEFG,20comprimidos",MedicamentoGenerico,,"741,TARBISFARMA,S.L.",ALTA,01/01/2016,,NORMAL,PARACETAMOL,1.9,1.9,1.9,3332-PARACETAMOL1000MG20COMPRIMIDOS,NO,NO,NO,NO
PARACETAMOL TARBIS FARMA Comp. 1 g,https://www.vademecum.es/medicamento-paracetamol+tarbis+farma+comp.+1+g_41354,Env. con 40,697001,"PARACETAMOLTARBISFARMA1GCOMPRIMIDOSEFG,40comprimidos",MedicamentoGenerico,,"741,TARBISFARMA,S.L.",ALTA,01/11/2016,,NORMAL,PARACETAMOL,2.5,2.5,2.5,3334-PARACETAMOL1000MG40COMPRIMIDOS,NO,NO,NO,NO
PARACETAMOL TARBIS FARMA Comp. 650 mg,https://www.vademecum.es/medicamento-paracetamol+tarbis+farma+comp.+650+mg_33004,Env. con 20,662011,"PARACETAMOLTARBISFARMA650mgCOMPRIMIDOSEFG,20comprimidos",MedicamentoGenerico,,"741,TARBISFARMA,S.L.",ALTA,01/05/2009,,NORMAL,PARACETAMOL,0.86,0.86,.86,3335-PARACETAMOL650MG20COMPRIMIDOS,NO,NO,NO,NO
PARACETAMOL TARBIS FARMA Comp. 650 mg,https://www.vademecum.es/medicamento-paracetamol+tarbis+farma+comp.+650+mg_33004,Env. con 40,662012,"PARACETAMOLTARBISFARMA650mgCOMPRIMIDOSEFG,40comprimidos",MedicamentoGenerico,,"741,TARBISFARMA,S.L.",ALTA,01/02/2018,,NORMAL,PARACETAMOL,1.31,1.31,1.31,3336-PARACETAMOL650MG40COMPRIMIDOS,NO,NO,NO,NO
PARACETAMOL TECNIGEN Comp. 1 g,https://www.vademecum.es/medicamento-paracetamol+tecnigen+comp.+1+g_39847,Env. con 20,691109,"PARACETAMOLTECNIGEN1gCOMPRIMIDOS,20comprimidos",MedicamentoGenerico,,"1017,TECNIMEDEESPAÑAINDUSTRIAFARMACEUTICAS.A.",ALTA,01/09/2012,,NORMAL,PARACETAMOL,1.9,1.9,1.9,3332-PARACETAMOL1000MG20COMPRIMIDOS,NO,NO,NO,NO
PARACETAMOL TECNIGEN Comp. 1 g,https://www.vademecum.es/medicamento-paracetamol+tecnigen+comp.+1+g_39847,Env. con 40,691110,"PARACETAMOLTECNIGEN1gCOMPRIMIDOS,40comprimidos",MedicamentoGenerico,,"1017,TECNIMEDEESPAÑAINDUSTRIAFARMACEUTICAS.A.",ALTA,01/09/2012,,NORMAL,PARACETAMOL,2.5,2.5,2.5,3334-PARACETAMOL1000MG40COMPRIMIDOS,NO,NO,NO,NO
PARACETAMOL TEVA Comp. 1 g,https://www.vademecum.es/medicamento-paracetamol+teva+comp.+1+g_33116,Env. con 20,662099,"PARACETAMOLTEVA1gcomprimidos,20comprimidos",MedicamentoGenerico,,"1079,TEVAPHARMA,S.L.U",ALTA,01/06/2009,,NORMAL,PARACETAMOL,1.9,1.9,1.9,3332-PARACETAMOL1000MG20COMPRIMIDOS,NO,NO,NO,NO
PARACETAMOL TEVA Comp. 1 g,https://www.vademecum.es/medicamento-paracetamol+teva+comp.+1+g_33116,Env. con 40,662100,"PARACETAMOLTEVA1gcomprimidos,40comprimidos",MedicamentoGenerico,,"1079,TEVAPHARMA,S.L.U",ALTA,01/06/2009,,NORMAL,PARACETAMOL,2.5,2.5,2.5,3334-PARACETAMOL1000MG40COMPRIMIDOS,NO,NO,NO,NO
PARACETAMOL TEVA Comp. 650 mg,https://www.vademecum.es/medicamento-paracetamol+teva+comp.+650+mg_33117,Env. con 20,662096,"PARACETAMOLTEVA650mgcomprimidos,20comprimidos",MedicamentoGenerico,,"1079,TEVAPHARMA,S.L.U",ALTA,01/06/2009,,NORMAL,PARACETAMOL,0.86,0.86,.86,3335-PARACETAMOL650MG20COMPRIMIDOS,NO,NO,NO,NO
PARACETAMOL TEVA Comp. 650 mg,https://www.vademecum.es/medicamento-paracetamol+teva+comp.+650+mg_33117,Env. con 40,662097,"PARACETAMOLTEVA650mgcomprimidos,40comprimidos",MedicamentoGenerico,,"1079,TEVAPHARMA,S.L.U",ALTA,01/06/2009,,NORMAL,PARACETAMOL,1.31,1.31,1.31,3336-PARACETAMOL650MG40COMPRIMIDOS,NO,NO,NO,NO
PARACETAMOL VIR Comp. recub. con película 1 g,https://www.vademecum.es/medicamento-paracetamol+vir+comp.+recub.+con+pelicula+1+g_45819,Env. con 20,715373,PARACETAMOLVIR1gCOMPRIMIDOSRECUBIERTOSCONPELICULAEFG20comprimidos,MedicamentoGenerico,,"601,INDUSTRIAQUIMICAYFARMACEUTICAVIR,S.A.",ALTA,01/08/2017,,NORMAL,PARACETAMOL,1.9,1.9,1.9,3332-PARACETAMOL1000MG20COMPRIMIDOS,NO,NO,NO,NO
PARACETAMOL VIR Comp. recub. con película 1 g,https://www.vademecum.es/medicamento-paracetamol+vir+comp.+recub.+con+pelicula+1+g_45819,Env. con 40,715374,PARACETAMOLVIR1gCOMPRIMIDOSRECUBIERTOSCONPELICULAEFG40comprimidos,MedicamentoGenerico,,"601,INDUSTRIAQUIMICAYFARMACEUTICAVIR,S.A.",ALTA,01/08/2017,,NORMAL,PARACETAMOL,2.5,2.5,2.5,3334-PARACETAMOL1000MG40COMPRIMIDOS,NO,NO,NO,NO
PARACETAMOL VIR Comp. recub. con película 500 mg,https://www.vademecum.es/medicamento-paracetamol+vir+comp.+recub.+con+pelicula+500+mg_45820,Env. con 20,715372,PARACETAMOLVIR500mgCOMPRIMIDOSRECUBIERTOSCONPELICULAEFG20comprimidos,MedicamentoGenerico,,"601,INDUSTRIAQUIMICAYFARMACEUTICAVIR,S.A.",ALTA,01/08/2017,,NORMAL,PARACETAMOL,0.67,0.67,.67,2429-PARACETAMOL500MG20COMPRIMIDOS,NO,NO,NO,NO
PARACETAMOL WINTHROP Comp. 500 mg,https://www.vademecum.es/medicamento-paracetamol+winthrop+comp.+500+mg_19666,Env. con 20,980706,PARACETAMOLWINTHROP500MG20COMPRIMIDOS,MedicamentoconDenominacionGenerica,,"345,SANOFIAVENTIS,S.A",ALTA,27/10/1988,,NORMAL,PARACETAMOL,0.67,0.67,.67,2429-PARACETAMOL500MG20COMPRIMIDOS,NO,NO,NO,NO
"PARACETAMOL/ CODEINA LEVEL Sol. oral 24/2,4 mg",https://www.vademecum.es/medicamento-paracetamol%2F+codeina+level+sol.+oral+24%2F2%2C4+mg_4632,Env. con 1 frasco de 240 ml,679639,"PARACETAMOLCODEINALEVELSOLUCIONORAL,1frascode240ml",MedicamentoEtica,,"178,LABORATORIOSERNS.A.",ALTA,22/01/1997,,NORMAL,PARACETAMOLCODEINAFOSFATO,2.5,2.5,,-,NO,NO,NO,NO
PARACETAMOL/CODEINA FARMALIDER Comp. 500/30 mg,https://www.vademecum.es/medicamento-paracetamol%2Fcodeina+farmalider+comp.+500%2F30+mg_42316,Env. con 20,698737,"PARACETAMOL/CODEINAFARMALIDER500MG/30MGCOMPRIMIDOSEFG,20comprimidos",MedicamentoGenerico,,"136,FARMALIDERS.A.",ALTA,01/12/2016,,NORMAL,PARACETAMOLCODEINAFOSFATOHEMIHIDRATO,2.34,2.34,2.34,2400-PARACETAMOL/CODEINA500MG/30MG20COMPRIMIDOS,NO,NO,NO,NO
PARACETAMOL/CODEINA KERN PHARMA Comp. 500/30 mg,https://www.vademecum.es/medicamento-paracetamol%2Fcodeina+kern+pharma+comp.+500%2F30+mg_36446,Env. con 20,672658,"PARACETAMOL/CODEINAKERNPHARMA500mg/30mgcomprimidos,20comprimidos",MedicamentoGenerico,,"863,KERNPHARMA,S.L.",ALTA,01/04/2011,,NORMAL,PARACETAMOLCODEINA,2.34,2.34,2.34,2400-PARACETAMOL/CODEINA500MG/30MG20COMPRIMIDOS,NO,NO,NO,NO
PARACETAMOL/CODEINA PENSA Comp. 500/30 mg,https://www.vademecum.es/medicamento-paracetamol%2Fcodeina+pensa+comp.+500%2F30+mg_42315,Env. con 20,698736,"PARACETAMOL/CODEINAPENSA500MG/30MGCOMPRIMIDOSEFG,20comprimidos",MedicamentoGenerico,,"1114,PENSAPHARMA,S.A.U",ALTA,01/12/2013,,NORMAL,PARACETAMOLCODEINAFOSFATOHEMIHIDRATO,2.34,2.34,2.34,2400-PARACETAMOL/CODEINA500MG/30MG20COMPRIMIDOS,NO,NO,NO,NO
"TRAMADOL PARACETAMOL CINFA Comp. recub. con película 37,5/325 mg",https://www.vademecum.es/medicamento-tramadol+paracetamol+cinfa+comp.+recub.+con+pelicula+37%2C5%2F325+mg_38364,Env. con 20,683650,"TRAMADOLPARACETAMOLCINFA37,5mg/325mgCOMPRIMIDOSRECUBIERTOSCONPELICULA,20comprimidos",MedicamentoGenerico,,"111,CINFAS.A.",ALTA,01/09/2012,,NORMAL,PARACETAMOLTRAMADOLHIDROCLORURO,3.34,3.34,3.34,"2983-TRAMADOL/PARACETAMOL37,5MG/325MG20COMPRIMIDOS",NO,NO,NO,NO
"TRAMADOL PARACETAMOL CINFA Comp. recub. con película 37,5/325 mg",https://www.vademecum.es/medicamento-tramadol+paracetamol+cinfa+comp.+recub.+con+pelicula+37%2C5%2F325+mg_38364,Env. con 60,683651,"TRAMADOLPARACETAMOLCINFA37,5mg/325mgCOMPRIMIDOSRECUBIERTOSCONPELICULAEFG,60comprimidos",MedicamentoGenerico,,"111,CINFAS.A.",ALTA,01/04/2018,,NORMAL,PARACETAMOLTRAMADOLHIDROCLORURO,8.88,8.88,8.88,"3962-TRAMADOL/PARACETAMOL37,5MG/325MG60COMPRIMIDOS",NO,NO,NO,NO
"TRAMADOL PARACETAMOL FARMA TARBIS Comp. 37,5/325 mg",https://www.vademecum.es/medicamento-tramadol+paracetamol+farma+tarbis+comp.+37%2C5%2F325+mg_41813,Env. con 60 (Al/PVC/PVDC),697450,"TRAMADOLPARACETAMOLFARMATARBIS37,5MG/325MGCOMPRIMIDOSEFG,60comprimidos(Al/PVC/PVDC)",MedicamentoGenerico,,"741,TARBISFARMA,S.L.",ALTA,01/04/2016,,NORMAL,PARACETAMOLTRAMADOLHIDROCLORURO,8.88,8.88,8.88,"3962-TRAMADOL/PARACETAMOL37,5MG/325MG60COMPRIMIDOS",NO,NO,NO,NO
"TRAMADOL/ PARACETAMOL KERN PHARM Comp. recub. con película 37,5/325 mg",https://www.vademecum.es/medicamento-tramadol%2F+paracetamol+kern+pharm+comp.+recub.+con+pelicula+37%2C5%2F325+mg_38055,Env. con 20,681990,"TRAMADOL/PARACETAMOLKERNPHARMA37,5mg/325mgCOMPRIMIDOSRECUBIERTOSCONPELICULA,20comprimidos",MedicamentoGenerico,,"863,KERNPHARMA,S.L.",ALTA,01/08/2012,,NORMAL,PARACETAMOLTRAMADOLHIDROCLORURO,3.34,3.34,3.34,"2983-TRAMADOL/PARACETAMOL37,5MG/325MG20COMPRIMIDOS",NO,NO,NO,NO
"TRAMADOL/PARACETAMOL ABAMED Comp. 37,5/325 mg",https://www.vademecum.es/medicamento-tramadol%2Fparacetamol+abamed+comp.+37%2C5%2F325+mg_39504,Env. con 20 (AL/PE),688813,"TRAMADOL/PARACETAMOLABAMED37,5mg/325mgCOMPRIMIDOS,20comprimidos(AL/PE)",MedicamentoGenerico,,"1198,ABAMEDPHARMA,S.L",BAJAPORNOCOMERCIALIZAR,01/08/2012,01/06/2014,NORMAL,PARACETAMOLTRAMADOLHIDROCLORURO,3.34,3.34,3.34,"2983-TRAMADOL/PARACETAMOL37,5MG/325MG20COMPRIMIDOS",NO,NO,NO,NO
"TRAMADOL/PARACETAMOL ABAMED Comp. 37,5/325 mg",https://www.vademecum.es/medicamento-tramadol%2Fparacetamol+abamed+comp.+37%2C5%2F325+mg_39504,Env. con 20 (AL/PVC/PVDC),688814,"TRAMADOL/PARACETAMOLABAMED37,5mg/325mgCOMPRIMIDOS,20comprimidos(AL/PVC/PVDC)",MedicamentoGenerico,,"1198,ABAMEDPHARMA,S.L",ALTA,01/08/2012,,NORMAL,PARACETAMOLTRAMADOLHIDROCLORURO,3.34,3.34,3.34,"2983-TRAMADOL/PARACETAMOL37,5MG/325MG20COMPRIMIDOS",NO,NO,NO,NO
"TRAMADOL/PARACETAMOL ABAMED Comp. 37,5/325 mg",https://www.vademecum.es/medicamento-tramadol%2Fparacetamol+abamed+comp.+37%2C5%2F325+mg_39504,Env. con 60 (AL/PVC/PVDC),688816,"TRAMADOL/PARACETAMOLABAMED37,5mg/325mgCOMPRIMIDOSEFG,60comprimidos",MedicamentoGenerico,,"1198,ABAMEDPHARMA,S.L",ALTA,01/03/2016,,NORMAL,PARACETAMOLTRAMADOLHIDROCLORURO,8.88,8.88,8.88,"3962-TRAMADOL/PARACETAMOL37,5MG/325MG60COMPRIMIDOS",NO,NO,NO,NO
"TRAMADOL/PARACETAMOL ALMUS Comp. recub. con película 37,5/325 mg",https://www.vademecum.es/medicamento-tramadol%2Fparacetamol+almus+comp.+recub.+con+pelicula+37%2C5%2F325+mg_40938,Env. con 20,694339,"TRAMADOL/PARACETAMOLALMUS37,5MG/325MGCOMPRIMIDOSRECUBIERTOSCONPELICULAEFG,20comprimidos",MedicamentoGenerico,,"1161,ALMUSFARMACEUTICA,S.A",SUSPENSIONTEMPORALGENERAL,01/08/2015,,NORMAL,PARACETAMOLTRAMADOLHIDROCLORURO,3.34,3.34,3.34,"2983-TRAMADOL/PARACETAMOL37,5MG/325MG20COMPRIMIDOS",NO,NO,NO,NO
"TRAMADOL/PARACETAMOL ALTER Comp. recub. con película 37,5 mg/325 mg",https://www.vademecum.es/medicamento-tramadol%2Fparacetamol+alter+comp.+recub.+con+pelicula+37%2C5+mg%2F325+mg_41086,Env. con 20 (PVC-PVDC-Aluminio),696136,"TRAMADOL/PARACETAMOLALTER37,5MG/325MGCOMPRIMIDOSRECUBIERTOSCONPELICULAEFG,20comprimidos(PVC-PVDC-Aluminio)",MedicamentoGenerico,,"15,ALTERS.A.",BAJAPORNOCOMERCIALIZAR,01/03/2014,01/06/2014,NORMAL,PARACETAMOLTRAMADOLHIDROCLORURO,3.34,3.34,3.34,"2983-TRAMADOL/PARACETAMOL37,5MG/325MG20COMPRIMIDOS",NO,NO,NO,NO
"TRAMADOL/PARACETAMOL ALTER Comp. recub. con película 37,5 mg/325 mg",https://www.vademecum.es/medicamento-tramadol%2Fparacetamol+alter+comp.+recub.+con+pelicula+37%2C5+mg%2F325+mg_41086,Env. con 20 (PVC-Aluminio),701097,"TRAMADOL/PARACETAMOLALTER37,5MG/325MGCOMPRIMIDOSRECUBIERTOSCONPELICULAEFG,20comprimidos(PVC-Aluminio)",MedicamentoGenerico,,"15,ALTERS.A.",ALTA,01/04/2014,,NORMAL,PARACETAMOLTRAMADOLHIDROCLORURO,3.34,3.34,3.34,"2983-TRAMADOL/PARACETAMOL37,5MG/325MG20COMPRIMIDOS",NO,NO,NO,NO
"TRAMADOL/PARACETAMOL ALTER Comp. recub. con película 37,5 mg/325 mg",https://www.vademecum.es/medicamento-tramadol%2Fparacetamol+alter+comp.+recub.+con+pelicula+37%2C5+mg%2F325+mg_41086,Env. con 60 (PVC-Aluminio),711646,"TRAMADOL/PARACETAMOLALTER37,5MG/325MGCOMPRIMIDOSRECUBIERTOSCONPELICULAEFG,60comprimidos(PVC-Aluminio)",MedicamentoGenerico,,"15,ALTERS.A.",ALTA,01/10/2016,,NORMAL,PARACETAMOLTRAMADOLHIDROCLORURO,8.88,8.88,8.88,"3962-TRAMADOL/PARACETAMOL37,5MG/325MG60COMPRIMIDOS",NO,NO,NO,NO
"TRAMADOL/PARACETAMOL APOTEX Comp. recub. con película 37,5/325 mg",https://www.vademecum.es/medicamento-tramadol%2Fparacetamol+apotex+comp.+recub.+con+pelicula+37%2C5%2F325+mg_41814,Env. con 20,697509,"TRAMADOL/PARACETAMOLAPOTEX37,5MG/325MGCOMPRIMIDOSRECUBIERTOSCONPELICULAEFG,20comprimidos(Blister)",MedicamentoGenerico,,"853,APOTEXESPAÑA,S.L",BAJAPORNOCOMERCIALIZAR,01/08/2013,01/08/2018,NORMAL,PARACETAMOLTRAMADOLHIDROCLORURO,3.34,3.34,3.34,"2983-TRAMADOL/PARACETAMOL37,5MG/325MG20COMPRIMIDOS",NO,NO,NO,NO
"TRAMADOL/PARACETAMOL APOTEX Comp. recub. con película 37,5/325 mg",https://www.vademecum.es/medicamento-tramadol%2Fparacetamol+apotex+comp.+recub.+con+pelicula+37%2C5%2F325+mg_41814,Env. con 60,706068,"TRAMADOL/PARACETAMOLAPOTEX37,5MG/325MGCOMPRIMIDOSRECUBIERTOSCONPELICULAEFG,60comprimidos",MedicamentoGenerico,,"853,APOTEXESPAÑA,S.L",BAJAPORNOCOMERCIALIZAR,01/08/2015,01/08/2018,NORMAL,PARACETAMOLTRAMADOLHIDROCLORURO,10.01,10.01,8.88,"3962-TRAMADOL/PARACETAMOL37,5MG/325MG60COMPRIMIDOS",NO,NO,NO,NO
"TRAMADOL/PARACETAMOL APOTEX AG Comp. recub. con película 37,5/325 mg",https://www.vademecum.es/medicamento-tramadol%2Fparacetamol+apotex+ag+comp.+recub.+con+pelicula+37%2C5%2F325+mg_39500,Env. con 20 (blister),688666,"TRAMADOL/PARACETAMOLAPOTEXAG37,5mg/325mgCOMPRIMIDOS,20comprimidos(Blister)",MedicamentoGenerico,,"853,APOTEXESPAÑA,S.L",ALTA,01/10/2012,,NORMAL,PARACETAMOLTRAMADOLHIDROCLORURO,3.34,3.34,3.34,"2983-TRAMADOL/PARACETAMOL37,5MG/325MG20COMPRIMIDOS",NO,NO,NO,NO
"TRAMADOL/PARACETAMOL APOTEX AG Comp. recub. con película 37,5/325 mg",https://www.vademecum.es/medicamento-tramadol%2Fparacetamol+apotex+ag+comp.+recub.+con+pelicula+37%2C5%2F325+mg_39500,Env. con 60 (blister),688667,"TRAMADOL/PARACETAMOLAPOTEXAG37,5mg/325mgCOMPRIMIDOSEFG,60comprimidos(BLISTER)",MedicamentoGenerico,,"853,APOTEXESPAÑA,S.L",ALTA,01/05/2016,,NORMAL,PARACETAMOLTRAMADOLHIDROCLORURO,8.88,8.88,8.88,"3962-TRAMADOL/PARACETAMOL37,5MG/325MG60COMPRIMIDOS",NO,NO,NO,NO
"TRAMADOL/PARACETAMOL AUROBINDO Comp. recub. con película 37,5/325 mg",https://www.vademecum.es/medicamento-tramadol%2Fparacetamol+aurobindo+comp.+recub.+con+pelicula+37%2C5%2F325+mg_42219,Env. con 20,698702,"TRAMADOL/PARACETAMOLAUROBINDO37,5MG/325MGCOMPRIMIDOSRECUBIERTOSCONPELICULAEFG,20comprimidos",MedicamentoGenerico,,"1151,AUROBINDO,S.L.U",ALTA,01/08/2015,,NORMAL,PARACETAMOLTRAMADOLHIDROCLORURO,3.34,3.34,3.34,"2983-TRAMADOL/PARACETAMOL37,5MG/325MG20COMPRIMIDOS",NO,NO,NO,NO
"TRAMADOL/PARACETAMOL AUROVITAS SPAIN Comp. recub. con película 37,5/325 mg",https://www.vademecum.es/medicamento-tramadol%2Fparacetamol+aurovitas+spain+comp.+recub.+con+pelicula+37%2C5%2F325+mg_39497,Env. con 20,685280,"TRAMADOL/PARACETAMOLAUROVITASSPAIN37,5mg/325mgCOMPRIMIDOSRECUBIERTOSCONPELICULAEFG,20comprimidos",MedicamentoGenerico,,"1150,AUROVITASSPAIN,S.A.U",ALTA,01/06/2012,,NORMAL,PARACETAMOLTRAMADOLHIDROCLORURO,3.34,3.34,3.34,"2983-TRAMADOL/PARACETAMOL37,5MG/325MG20COMPRIMIDOS",NO,NO,NO,NO
"TRAMADOL/PARACETAMOL AUROVITAS SPAIN Comp. recub. con película 37,5/325 mg",https://www.vademecum.es/medicamento-tramadol%2Fparacetamol+aurovitas+spain+comp.+recub.+con+pelicula+37%2C5%2F325+mg_39497,Env. con 60,721927,"TRAMADOL/PARACETAMOLAUROVITASSPAIN37,5mg/325mgCOMPRIMIDOSRECUBIERTOSCONPELICULAEFG,60comprimidos(PVC-PVDC-aluminio)",MedicamentoGenerico,,"1150,AUROVITASSPAIN,S.A.U",ALTA,01/12/2018,,NORMAL,PARACETAMOLTRAMADOLHIDROCLORURO,8.88,8.88,8.88,"3962-TRAMADOL/PARACETAMOL37,5MG/325MG60COMPRIMIDOS",NO,NO,NO,NO
"TRAMADOL/PARACETAMOL BLUEPHARM Comp. recub. con película 37,5 mg/325 mg",https://www.vademecum.es/medicamento-tramadol%2Fparacetamol+bluepharm+comp.+recub.+con+pelicula+37%2C5+mg%2F325+mg_44891,Env. con 20,705268,"TRAMADOL/PARACETAMOLBLUEPHARMA37,5MG/325MGCOMPRIMIDOSRECUBIERTOSCONPELICULAEFG,20comprimidos",MedicamentoGenerico,,"1203,BLUEPHARMA,S.L",BAJAPORNOCOMERCIALIZAR,01/12/2017,01/12/2018,NORMAL,PARACETAMOLTRAMADOLHIDROCLORURO,3.34,3.34,3.34,"2983-TRAMADOL/PARACETAMOL37,5MG/325MG20COMPRIMIDOS",NO,NO,NO,NO
"TRAMADOL/PARACETAMOL BLUEPHARM Comp. recub. con película 37,5 mg/325 mg",https://www.vademecum.es/medicamento-tramadol%2Fparacetamol+bluepharm+comp.+recub.+con+pelicula+37%2C5+mg%2F325+mg_44891,Env. con 60,705270,"TRAMADOL/PARACETAMOLBLUEPHARMA37,5MG/325MGCOMPRIMIDOSRECUBIERTOSCONPELICULAEFG,60comprimidos",MedicamentoGenerico,,"1203,BLUEPHARMA,S.L",BAJAPORNOCOMERCIALIZAR,01/12/2017,01/12/2018,NORMAL,PARACETAMOLTRAMADOLHIDROCLORURO,10.01,10.01,8.88,"3962-TRAMADOL/PARACETAMOL37,5MG/325MG60COMPRIMIDOS",NO,NO,NO,NO
"TRAMADOL/PARACETAMOL BRILL PHARMA Comp. recub. con película 37,5 mg/325 mg",https://www.vademecum.es/medicamento-tramadol%2Fparacetamol+brill+pharma+comp.+recub.+con+pelicula+37%2C5+mg%2F325+mg_43498,Env. con 20,702041,"TRAMADOL/PARACETAMOLBRILLPHARMA37.5MG/325MGCOMPRIMIDOSRECUBIERTOSCONPELICULAEFG,20comprimidos",MedicamentoGenerico,,"1239,BRILLPHARMA,S.L.",BAJAPORNOCOMERCIALIZAR,01/12/2016,01/01/2018,NORMAL,PARACETAMOLTRAMADOLHIDROCLORURO,3.34,3.34,3.34,"2983-TRAMADOL/PARACETAMOL37,5MG/325MG20COMPRIMIDOS",NO,NO,NO,NO
"TRAMADOL/PARACETAMOL CINFA Comp. efervescente 37,5/325 mg",https://www.vademecum.es/medicamento-tramadol%2Fparacetamol+cinfa+comp.+efervescente+37%2C5%2F325+mg_44280,Env. con 20,704250,"TRAMADOL/PARACETAMOLCINFA37,5MG/325MGCOMPRIMIDOSEFERVESCENTESEFG,20comprimidos(1tubode20comprimidos)",MedicamentoGenerico,,"111,CINFAS.A.",ALTA,01/06/2015,,NORMAL,PARACETAMOLTRAMADOLHIDROCLORURO,3.34,3.34,3.34,"3509-TRAMADOL/PARACETAMOL37,5MG/325MG20COMPRIMIDOSEFERVESCENTES",NO,NO,NO,NO
"TRAMADOL/PARACETAMOL COMBIX Comp. recub. con película 37,5/325 mg",https://www.vademecum.es/medicamento-tramadol%2Fparacetamol+combix+comp.+recub.+con+pelicula+37%2C5%2F325+mg_41397,Env. con 20,696874,"TRAMADOL/PARACETAMOLCOMBIX37,5MG/325MGCOMPRIMIDOSRECUBIERTOSCONPELICULAEFG,20comprimidos",MedicamentoGenerico,,"1128,COMBIX,S.L",ALTA,01/07/2013,,NORMAL,PARACETAMOLTRAMADOLHIDROCLORURO,3.34,3.34,3.34,"2983-TRAMADOL/PARACETAMOL37,5MG/325MG20COMPRIMIDOS",NO,NO,NO,NO
"TRAMADOL/PARACETAMOL DAVUR Comp. recub. con película 37,5/325 mg",https://www.vademecum.es/medicamento-tramadol%2Fparacetamol+davur+comp.+recub.+con+pelicula+37%2C5%2F325+mg_38188,Env. con 20 (blister),682775,"TRAMADOL/PARACETAMOLDAVUR37,5mg/325mgCOMPRIMIDOSRECUBIERTOSCONPELICULA,20comprimidos(blister)",MedicamentoGenerico,,"836,DAVUR,S.L.",ALTA,01/11/2011,,NORMAL,PARACETAMOLTRAMADOLHIDROCLORURO,3.34,3.34,3.34,"2983-TRAMADOL/PARACETAMOL37,5MG/325MG20COMPRIMIDOS",NO,NO,NO,NO
"TRAMADOL/PARACETAMOL FARMALIDER Comp. recub. con película 37,5/325 mg",https://www.vademecum.es/medicamento-tramadol%2Fparacetamol+farmalider+comp.+recub.+con+pelicula+37%2C5%2F325+mg_40939,Env. con 20,694345,"TRAMADOL/PARACETAMOLCipla37,5MG/325MGCOMPRIMIDOSRECUBIERTOSCONPELICULAEFG,20comprimidos",MedicamentoGenerico,,"1259,CIPLAEUROPENVSUCURSALENESPAÑA",SUSPENSIONTEMPORALGENERAL,01/12/2014,,NORMAL,PARACETAMOLTRAMADOLHIDROCLORURO,3.34,3.34,3.34,"2983-TRAMADOL/PARACETAMOL37,5MG/325MG20COMPRIMIDOS",NO,NO,NO,NO
"TRAMADOL/PARACETAMOL KRKA Comp. recub. con película 37,5/325 mg",https://www.vademecum.es/medicamento-tramadol%2Fparacetamol+krka+comp.+recub.+con+pelicula+37%2C5%2F325+mg_41265,Env. con 20,694416,"TRAMADOL/PARACETAMOLKRKA37,5MG/325MGCOMPRIMIDOSRECUBIERTOSCONPELICULAEFG,20comprimidos",MedicamentoGenerico,,"7095,KRKAD.D.NOVOMESTO",ALTA,01/08/2013,,NORMAL,PARACETAMOLTRAMADOLHIDROCLORURO,3.34,3.34,3.34,"2983-TRAMADOL/PARACETAMOL37,5MG/325MG20COMPRIMIDOS",NO,NO,NO,NO
"TRAMADOL/PARACETAMOL KRKA Comp. recub. con película 37,5/325 mg",https://www.vademecum.es/medicamento-tramadol%2Fparacetamol+krka+comp.+recub.+con+pelicula+37%2C5%2F325+mg_41265,Env. con 60,694420,"TRAMADOL/PARACETAMOLKRKA37,5MG/325MGCOMPRIMIDOSRECUBIERTOSCONPELICULAEFG,60comprimidos",MedicamentoGenerico,,"7095,KRKAD.D.NOVOMESTO",ALTA,01/10/2015,,NORMAL,PARACETAMOLTRAMADOLHIDROCLORURO,8.88,8.88,8.88,"3962-TRAMADOL/PARACETAMOL37,5MG/325MG60COMPRIMIDOS",NO,NO,NO,NO
TRAMADOL/PARACETAMOL KRKA Comp. recub. con película 75/650 mg,https://www.vademecum.es/medicamento-tramadol%2Fparacetamol+krka+comp.+recub.+con+pelicula+75%2F650+mg_41266,Env. con 20,694656,"TRAMADOL/PARACETAMOLKRKA75MG/650MGCOMPRIMIDOSRECUBIERTOSCONPELICULA,20comprimidos",MedicamentoEtica,,"7095,KRKAD.D.NOVOMESTO",ALTA,01/11/2015,,NORMAL,PARACETAMOLTRAMADOLHIDROCLORURO,6.67,6.67,6.67,3954-TRAMADOL/PARACETAMOL75MG/650MG20COMPRIMIDOS,NO,NO,NO,NO
TRAMADOL/PARACETAMOL KRKA Comp. recub. con película 75/650 mg,https://www.vademecum.es/medicamento-tramadol%2Fparacetamol+krka+comp.+recub.+con+pelicula+75%2F650+mg_41266,Env. con 60,694660,"TRAMADOL/PARACETAMOLKRKA75MG/650MGCOMPRIMIDOSRECUBIERTOSCONPELICULA,60comprimidos",MedicamentoEtica,,"7095,KRKAD.D.NOVOMESTO",ALTA,01/11/2015,,NORMAL,PARACETAMOLTRAMADOLHIDROCLORURO,20,20,20,3961-TRAMADOL/PARACETAMOL75MG/650MG60COMPRIMIDOS,NO,NO,NO,NO
"TRAMADOL/PARACETAMOL MABO Comp. recub. con película 37,5/325 mg",https://www.vademecum.es/medicamento-tramadol%2Fparacetamol+mabo+comp.+recub.+con+pelicula+37%2C5%2F325+mg_39297,Env. con 20,687940,"TRAMADOL/PARACETAMOLMABO37,5/325mgCOMPRIMIDOSRECUBIERTOSCONPELICULA,20comprimidos",MedicamentoGenerico,,"789,MABO-FARMA,S.A.",ALTA,01/09/2012,,NORMAL,PARACETAMOLTRAMADOLHIDROCLORURO,3.34,3.34,3.34,"2983-TRAMADOL/PARACETAMOL37,5MG/325MG20COMPRIMIDOS",NO,NO,NO,NO
"TRAMADOL/PARACETAMOL MABO Comp. recub. con película 37,5/325 mg",https://www.vademecum.es/medicamento-tramadol%2Fparacetamol+mabo+comp.+recub.+con+pelicula+37%2C5%2F325+mg_39297,Env. con 60,687941,"TRAMADOL/PARACETAMOLMABO37,5/325mgCOMPRIMIDOSRECUBIERTOSCONPELICULAEFG,60comprimidos",MedicamentoGenerico,,"789,MABO-FARMA,S.A.",ALTA,01/05/2018,,NORMAL,PARACETAMOLTRAMADOLHIDROCLORURO,8.88,8.88,8.88,"3962-TRAMADOL/PARACETAMOL37,5MG/325MG60COMPRIMIDOS",NO,NO,NO,NO
"TRAMADOL/PARACETAMOL MYLAN PHARMACEUTICALS Comp. recub. con película 37,5 mg/325 mg",https://www.vademecum.es/medicamento-tramadol%2Fparacetamol+mylan+pharmaceuticals+comp.+recub.+con+pelicula+37%2C5+mg%2F325+mg_40242,Env. con 20,684893,"TRAMADOL/PARACETAMOLMYLANPHARMACEUTICALS37,5mg/325mgCOMPRIMIDOSRECUBIERTOSCONPELICULA,20comprimidos",MedicamentoGenerico,,"1011,MYLANPHARMACEUTICALS,S.L",ALTA,01/12/2012,,NORMAL,PARACETAMOLTRAMADOLHIDROCLORURO,3.34,3.34,3.34,"2983-TRAMADOL/PARACETAMOL37,5MG/325MG20COMPRIMIDOS",NO,NO,NO,NO
"TRAMADOL/PARACETAMOL NORMON Comp. recub. con película 37,5/325 mg",https://www.vademecum.es/medicamento-tramadol%2Fparacetamol+normon+comp.+recub.+con+pelicula+37%2C5%2F325+mg_38058,Env. con 20,681769,"TRAMADOL/PARACETAMOLNORMON37,5mg/325mgCOMPRIMIDOSRECUBIERTOSCONPELICULA,20comprimidos",MedicamentoGenerico,,"426,NORMONS.A.",ALTA,01/09/2012,,NORMAL,PARACETAMOLTRAMADOLHIDROCLORURO,3.34,3.34,3.34,"2983-TRAMADOL/PARACETAMOL37,5MG/325MG20COMPRIMIDOS",NO,NO,NO,NO
"TRAMADOL/PARACETAMOL NORMON Comp. recub. con película 37,5/325 mg",https://www.vademecum.es/medicamento-tramadol%2Fparacetamol+normon+comp.+recub.+con+pelicula+37%2C5%2F325+mg_38058,Env. con 60,681770,"TRAMADOL/PARACETAMOLNORMON37,5mg/325mgCOMPRIMIDOSRECUBIERTOSCONPELICULAEFG,60comprimidos",MedicamentoGenerico,,"426,NORMONS.A.",ALTA,01/05/2017,,NORMAL,PARACETAMOLTRAMADOLHIDROCLORURO,8.88,8.88,8.88,"3962-TRAMADOL/PARACETAMOL37,5MG/325MG60COMPRIMIDOS",NO,NO,NO,NO
"TRAMADOL/PARACETAMOL PENSA Comp. 37,5/325 mg",https://www.vademecum.es/medicamento-tramadol%2Fparacetamol+pensa+comp.+37%2C5%2F325+mg_40941,Env. con 60 (Blister Al/PVC-PVDC),692351,TRAMADOL/PARACETAMOLPENSA37.5mg/325mgCOMPRIMIDOSEFG60comprimidos(BLISTERAL/PVC/PVDC),MedicamentoGenerico,,"1114,PENSAPHARMA,S.A.U",ALTA,01/05/2015,,NORMAL,PARACETAMOLTRAMADOLHIDROCLORURO,8.88,8.88,8.88,"3962-TRAMADOL/PARACETAMOL37,5MG/325MG60COMPRIMIDOS",NO,NO,NO,NO
"TRAMADOL/PARACETAMOL PENSA Comp. 37,5/325 mg",https://www.vademecum.es/medicamento-tramadol%2Fparacetamol+pensa+comp.+37%2C5%2F325+mg_40941,Env. con 20 (Blister Al/PVC-PVDC),692346,"TRAMADOL/PARACETAMOLPENSA37.5mg/325mgCOMPRIMIDOS,20comprimidos(BlisterAl/PVC-PVDC)",MedicamentoGenerico,,"1114,PENSAPHARMA,S.A.U",ALTA,01/03/2013,,NORMAL,PARACETAMOLTRAMADOLHIDROCLORURO,3.34,3.34,3.34,"2983-TRAMADOL/PARACETAMOL37,5MG/325MG20COMPRIMIDOS",NO,NO,NO,NO
"TRAMADOL/PARACETAMOL QUALIGEN Comp. efervescente 37,5/325 mg",https://www.vademecum.es/medicamento-tramadol%2Fparacetamol+qualigen+comp.+efervescente+37%2C5%2F325+mg_44086,Env. con 20,704257,"TRAMADOL/PARACETAMOLQUALIGEN37,5MG/325MGCOMPRIMIDOSEFERVESCENTESEFG,20comprimidos(1tubode20comprimidos)",MedicamentoGenerico,,"1131,NEURAXPHARMSPAIN,S.L.U",ALTA,01/03/2015,,NORMAL,PARACETAMOLTRAMADOLHIDROCLORURO,3.34,3.34,3.34,"3509-TRAMADOL/PARACETAMOL37,5MG/325MG20COMPRIMIDOSEFERVESCENTES",NO,NO,NO,NO
"TRAMADOL/PARACETAMOL QUALIGEN Comp. recub. con película 37,5/325 mg",https://www.vademecum.es/medicamento-tramadol%2Fparacetamol+qualigen+comp.+recub.+con+pelicula+37%2C5%2F325+mg_39298,Env. con 20,688082,"TRAMADOL/PARACETAMOLQUALIGEN37,5/325mgCOMPRIMIDOSRECUBIERTOSCONPELICULA,20comprimidos",MedicamentoGenerico,,"1131,NEURAXPHARMSPAIN,S.L.U",ALTA,01/07/2012,,NORMAL,PARACETAMOLTRAMADOLHIDROCLORURO,3.34,3.34,3.34,"2983-TRAMADOL/PARACETAMOL37,5MG/325MG20COMPRIMIDOS",NO,NO,NO,NO
"TRAMADOL/PARACETAMOL QUALIGEN Comp. recub. con película 37,5/325 mg",https://www.vademecum.es/medicamento-tramadol%2Fparacetamol+qualigen+comp.+recub.+con+pelicula+37%2C5%2F325+mg_39298,Env. con 60,706631,"TRAMADOL/PARACETAMOLQUALIGEN37,5/325mgCOMPRIMIDOSRECUBIERTOSCONPELICULAEFG,60comprimidos",MedicamentoGenerico,,"1131,NEURAXPHARMSPAIN,S.L.U",ALTA,01/09/2015,,NORMAL,PARACETAMOLTRAMADOLHIDROCLORURO,8.88,8.88,8.88,"3962-TRAMADOL/PARACETAMOL37,5MG/325MG60COMPRIMIDOS",NO,NO,NO,NO
"TRAMADOL/PARACETAMOL RATIOPHARM Comp. efervescente 37,5/325 mg",https://www.vademecum.es/medicamento-tramadol%2Fparacetamol+ratiopharm+comp.+efervescente+37%2C5%2F325+mg_44281,Env. con 20,704216,"TRAMADOL/PARACETAMOLRATIOPHARM37,5MG/325MGCOMPRIMIDOSEFERVESCENTESEFG,20comprimidos(1tubode20comprimidos)",MedicamentoGenerico,,"704,RATIOPHARMESPAÑAS.A.",BAJAPORNOCOMERCIALIZAR,01/06/2015,01/11/2018,NORMAL,PARACETAMOLTRAMADOLHIDROCLORURO,3.34,3.34,3.34,"3509-TRAMADOL/PARACETAMOL37,5MG/325MG20COMPRIMIDOSEFERVESCENTES",NO,NO,NO,NO
"TRAMADOL/PARACETAMOL RATIOPHARM Comp. recub. con película 37,5/325 mg",https://www.vademecum.es/medicamento-tramadol%2Fparacetamol+ratiopharm+comp.+recub.+con+pelicula+37%2C5%2F325+mg_38189,Env. con 20 (blister),682706,"TRAMADOL/PARACETAMOLRATIOPHARM37,5mg/325mgCOMPRIMIDOSRECUBIERTOSCONPELICULA,20comprimidos(blister)",MedicamentoGenerico,,"704,RATIOPHARMESPAÑAS.A.",ALTA,01/11/2011,,NORMAL,PARACETAMOLTRAMADOLHIDROCLORURO,3.34,3.34,3.34,"2983-TRAMADOL/PARACETAMOL37,5MG/325MG20COMPRIMIDOS",NO,NO,NO,NO
"TRAMADOL/PARACETAMOL RATIOPHARM Comp. recub. con película 37,5/325 mg",https://www.vademecum.es/medicamento-tramadol%2Fparacetamol+ratiopharm+comp.+recub.+con+pelicula+37%2C5%2F325+mg_38189,Env. con 60 (blister),706066,"TRAMADOL/PARACETAMOLRATIOPHARM37,5mg/325mgCOMPRIMIDOSRECUBIERTOSCONPELICULAEFG,60comprimidos(BLISTER)",MedicamentoGenerico,,"704,RATIOPHARMESPAÑAS.A.",ALTA,01/11/2015,,NORMAL,PARACETAMOLTRAMADOLHIDROCLORURO,8.88,8.88,8.88,"3962-TRAMADOL/PARACETAMOL37,5MG/325MG60COMPRIMIDOS",NO,NO,NO,NO
TRAMADOL/PARACETAMOL RATIOPHARM Comp. recub. con película 75/650 mg,https://www.vademecum.es/medicamento-tramadol%2Fparacetamol+ratiopharm+comp.+recub.+con+pelicula+75%2F650+mg_41816,Env. con 20 (PVC/PVDC-Aluminio),697529,"TRAMADOL/PARACETAMOLRATIOPHARM75MG/650MGCOMPRIMIDOSRECUBIERTOSCONPELICULA,20comprimidos(PVC/PVDC-ALUMINIO)",MedicamentoEtica,,"704,RATIOPHARMESPAÑAS.A.",ALTA,01/05/2014,,NORMAL,PARACETAMOLTRAMADOLHIDROCLORURO,6.67,6.67,6.67,3954-TRAMADOL/PARACETAMOL75MG/650MG20COMPRIMIDOS,NO,NO,NO,NO
TRAMADOL/PARACETAMOL RATIOPHARM Comp. recub. con película 75/650 mg,https://www.vademecum.es/medicamento-tramadol%2Fparacetamol+ratiopharm+comp.+recub.+con+pelicula+75%2F650+mg_41816,Env. con 60 (PVC-PVDC),697530,"TRAMADOL/PARACETAMOLRATIOPHARM75MG/650MGCOMPRIMIDOSRECUBIERTOSCONPELICULA,60comprimidos(PVC-PVDC)",MedicamentoEtica,,"704,RATIOPHARMESPAÑAS.A.",ALTA,01/05/2016,,NORMAL,PARACETAMOLTRAMADOLHIDROCLORURO,20,20,20,3961-TRAMADOL/PARACETAMOL75MG/650MG60COMPRIMIDOS,NO,NO,NO,NO
"TRAMADOL/PARACETAMOL SANDOZ Comp. recub. 37,5/325 mg",https://www.vademecum.es/medicamento-tramadol%2Fparacetamol+sandoz+comp.+recub.+37%2C5%2F325+mg_38490,Env. con 20,680698,"TRAMADOL/PARACETAMOLSANDOZ37,5mg/325mgCOMPRIMIDOSRECUBIERTOSCONPELICULA,20comprimidos",MedicamentoGenerico,,"644,SANDOZFARMACEUTICA,S.A",ALTA,01/03/2012,,NORMAL,PARACETAMOLTRAMADOLHIDROCLORURO,3.34,3.34,3.34,"2983-TRAMADOL/PARACETAMOL37,5MG/325MG20COMPRIMIDOS",NO,NO,NO,NO
"TRAMADOL/PARACETAMOL STADA Comp. efervescente 37,5/325 mg",https://www.vademecum.es/medicamento-tramadol%2Fparacetamol+stada+comp.+efervescente+37%2C5%2F325+mg_44087,Env. con 20,704253,"TRAMADOL/PARACETAMOLSTADA37,5MG/325MGCOMPRIMIDOSEFERVESCENTESEFG,20comprimidos(1tubode20comprimidos)",MedicamentoGenerico,,"805,STADA,S.L",ALTA,01/03/2015,,NORMAL,PARACETAMOLTRAMADOLHIDROCLORURO,3.34,3.34,3.34,"3509-TRAMADOL/PARACETAMOL37,5MG/325MG20COMPRIMIDOSEFERVESCENTES",NO,NO,NO,NO
"TRAMADOL/PARACETAMOL STADA Comp. recub. con película 37,5/325 mg",https://www.vademecum.es/medicamento-tramadol%2Fparacetamol+stada+comp.+recub.+con+pelicula+37%2C5%2F325+mg_39895,Env. con 20,685148,"TRAMADOL/PARACETAMOLSTADA37,5mg/325mgCOMPRIMIDOSRECUBIERTOSCONPELICULA,20comprimidos",MedicamentoGenerico,,"805,STADA,S.L",ALTA,01/08/2012,,NORMAL,PARACETAMOLTRAMADOLHIDROCLORURO,3.34,3.34,3.34,"2983-TRAMADOL/PARACETAMOL37,5MG/325MG20COMPRIMIDOS",NO,NO,NO,NO
"TRAMADOL/PARACETAMOL STADA Comp. recub. con película 37,5/325 mg",https://www.vademecum.es/medicamento-tramadol%2Fparacetamol+stada+comp.+recub.+con+pelicula+37%2C5%2F325+mg_39895,Env. con 60,685153,"TRAMADOL/PARACETAMOLSTADA37,5mg/325mgCOMPRIMIDOSRECUBIERTOSCONPELICULAEFG,60comprimidos",MedicamentoGenerico,,"805,STADA,S.L",ALTA,01/08/2015,,NORMAL,PARACETAMOLTRAMADOLHIDROCLORURO,8.88,8.88,8.88,"3962-TRAMADOL/PARACETAMOL37,5MG/325MG60COMPRIMIDOS",NO,NO,NO,NO
"TRAMADOL/PARACETAMOL STADA Comp. recub. con película 37,5/325 mg",https://www.vademecum.es/medicamento-tramadol%2Fparacetamol+stada+comp.+recub.+con+pelicula+37%2C5%2F325+mg_39895,Env. con 20 (PVC/Aluminio),716158,"TRAMADOL/PARACETAMOLSTADA37,5mg/325mgCOMPRIMIDOSRECUBIERTOSCONPELICULAEFG,20comprimidos(PVC/Aluminio)",MedicamentoGenerico,,"805,STADA,S.L",ALTA,01/11/2017,,NORMAL,PARACETAMOLTRAMADOLHIDROCLORURO,3.34,3.34,3.34,"2983-TRAMADOL/PARACETAMOL37,5MG/325MG20COMPRIMIDOS",NO,NO,NO,NO
"TRAMADOL/PARACETAMOL STADA Comp. recub. con película 37,5/325 mg",https://www.vademecum.es/medicamento-tramadol%2Fparacetamol+stada+comp.+recub.+con+pelicula+37%2C5%2F325+mg_39895,Env. con 60 (PVC/Aluminio),716160,"TRAMADOL/PARACETAMOLSTADA37,5mg/325mgCOMPRIMIDOSRECUBIERTOSCONPELICULAEFG,60comprimidos(PVC/Aluminio)",MedicamentoGenerico,,"805,STADA,S.L",ALTA,01/11/2017,,NORMAL,PARACETAMOLTRAMADOLHIDROCLORURO,8.88,8.88,8.88,"3962-TRAMADOL/PARACETAMOL37,5MG/325MG60COMPRIMIDOS",NO,NO,NO,NO
TRAMADOL/PARACETAMOL STADAGEN Comp. recub. con película 75/650 mg,https://www.vademecum.es/medicamento-tramadol%2Fparacetamol+stadagen+comp.+recub.+con+pelicula+75%2F650+mg_39501,Env. con 20 (blister),688672,"TRAMADOL/PARACETAMOLSTADAGEN75mg/650mgCOMPRIMIDOS,20comprimidos(BLISTER)",MedicamentoEtica,,"805,STADA,S.L",ALTA,01/12/2014,,NORMAL,PARACETAMOLTRAMADOLHIDROCLORURO,6.67,6.67,6.67,3954-TRAMADOL/PARACETAMOL75MG/650MG20COMPRIMIDOS,NO,NO,NO,NO
TRAMADOL/PARACETAMOL STADAGEN Comp. recub. con película 75/650 mg,https://www.vademecum.es/medicamento-tramadol%2Fparacetamol+stadagen+comp.+recub.+con+pelicula+75%2F650+mg_39501,Env. con 60 (blister),688673,"TRAMADOL/PARACETAMOLSTADAGEN75mg/650mgCOMPRIMIDOS,60comprimidos(BLISTER)",MedicamentoEtica,,"805,STADA,S.L",ALTA,01/09/2016,,NORMAL,PARACETAMOLTRAMADOLHIDROCLORURO,20,20,20,3961-TRAMADOL/PARACETAMOL75MG/650MG60COMPRIMIDOS,NO,NO,NO,NO
"TRAMADOL/PARACETAMOL TAD Comp. recub. con película 37,5 mg/325 mg",https://www.vademecum.es/medicamento-tramadol%2Fparacetamol+tad+comp.+recub.+con+pelicula+37%2C5+mg%2F325+mg_44890,Env. con 20,710260,"TRAMADOL/PARACETAMOLTAD37,5MG/325MGCOMPRIMIDOSRECUBIERTOSCONPELICULAEFG,20comprimidos",MedicamentoGenerico,,"7407,TADPHARMAGMBH",ALTA,01/05/2017,,NORMAL,PARACETAMOLTRAMADOLHIDROCLORURO,3.34,3.34,3.34,"2983-TRAMADOL/PARACETAMOL37,5MG/325MG20COMPRIMIDOS",NO,NO,NO,NO
"TRAMADOL/PARACETAMOL TAD Comp. recub. con película 37,5 mg/325 mg",https://www.vademecum.es/medicamento-tramadol%2Fparacetamol+tad+comp.+recub.+con+pelicula+37%2C5+mg%2F325+mg_44890,Env. con 60,710261,"TRAMADOL/PARACETAMOLTAD37,5MG/325MGCOMPRIMIDOSRECUBIERTOSCONPELICULAEFG,60comprimidos",MedicamentoGenerico,,"7407,TADPHARMAGMBH",ALTA,01/05/2017,,NORMAL,PARACETAMOLTRAMADOLHIDROCLORURO,8.88,8.88,8.88,"3962-TRAMADOL/PARACETAMOL37,5MG/325MG60COMPRIMIDOS",NO,NO,NO,NO
"TRAMADOL/PARACETAMOL TARBIS Comp. recub. con película 37,5/325 mg",https://www.vademecum.es/medicamento-tramadol%2Fparacetamol+tarbis+comp.+recub.+con+pelicula+37%2C5%2F325+mg_39502,Env. con 20 (blister),688657,"TRAMADOL/PARACETAMOLTARBIS37,5mg/325mgCOMPRIMIDOS,20comprimidos(Blister)",MedicamentoGenerico,,"741,TARBISFARMA,S.L.",ALTA,01/08/2012,,NORMAL,PARACETAMOLTRAMADOLHIDROCLORURO,3.34,3.34,3.34,"2983-TRAMADOL/PARACETAMOL37,5MG/325MG20COMPRIMIDOS",NO,NO,NO,NO
"TRAMADOL/PARACETAMOL TARBIS Comp. recub. con película 37,5/325 mg",https://www.vademecum.es/medicamento-tramadol%2Fparacetamol+tarbis+comp.+recub.+con+pelicula+37%2C5%2F325+mg_39502,Env. con 60 (blister),688658,"TRAMADOL/PARACETAMOLTARBIS37,5mg/325mgCOMPRIMIDOSEFG,60comprimidos(BLISTER)",MedicamentoGenerico,,"741,TARBISFARMA,S.L.",ALTA,01/09/2015,,NORMAL,PARACETAMOLTRAMADOLHIDROCLORURO,8.88,8.88,8.88,"3962-TRAMADOL/PARACETAMOL37,5MG/325MG60COMPRIMIDOS",NO,NO,NO,NO
"TRAMADOL/PARACETAMOL TECNIGEN Comp. 37,5/325 mg",https://www.vademecum.es/medicamento-tramadol%2Fparacetamol+tecnigen+comp.+37%2C5%2F325+mg_40393,Env. con 20 (AL/PVC/PVDC),689861,"TRAMADOL/PARACETAMOLTECNIGEN37,5MG/325MGCOMPRIMIDOS,20comprimidos(AL/PVC/PVDC)",MedicamentoGenerico,,"1017,TECNIMEDEESPAÑAINDUSTRIAFARMACEUTICAS.A.",ALTA,01/11/2012,,NORMAL,PARACETAMOLTRAMADOLHIDROCLORURO,3.34,3.34,3.34,"2983-TRAMADOL/PARACETAMOL37,5MG/325MG20COMPRIMIDOS",NO,NO,NO,NO
"TRAMADOL/PARACETAMOL TECNIGEN Comp. 37,5/325 mg",https://www.vademecum.es/medicamento-tramadol%2Fparacetamol+tecnigen+comp.+37%2C5%2F325+mg_40393,Env. con 60 (AL/PVC/PVDC),689865,"TRAMADOL/PARACETAMOLTECNIGEN37,5MG/325MGCOMPRIMIDOSEFG60comprimidos",MedicamentoGenerico,,"1017,TECNIMEDEESPAÑAINDUSTRIAFARMACEUTICAS.A.",ALTA,01/06/2016,,NORMAL,PARACETAMOLTRAMADOLHIDROCLORURO,8.88,8.88,8.88,"3962-TRAMADOL/PARACETAMOL37,5MG/325MG60COMPRIMIDOS",NO,NO,NO,NO
"TRAMADOL/PARACETAMOL TEVA Comp. efervescente 37,5/325 mg",https://www.vademecum.es/medicamento-tramadol%2Fparacetamol+teva+comp.+efervescente+37%2C5%2F325+mg_44282,Env. con 20,704252,"TRAMADOL/PARACETAMOLTEVA37,5MG/325MGCOMPRIMIDOSEFERVESCENTESEFG,20comprimidos(1tubode20comprimidos)",MedicamentoGenerico,,"1079,TEVAPHARMA,S.L.U",BAJAPORNOCOMERCIALIZAR,01/06/2015,01/11/2018,NORMAL,PARACETAMOLTRAMADOLHIDROCLORURO,3.34,3.34,3.34,"3509-TRAMADOL/PARACETAMOL37,5MG/325MG20COMPRIMIDOSEFERVESCENTES",NO,NO,NO,NO
"TRAMADOL/PARACETAMOL TEVA Comp. recub. con película 37,5 mg/325 mg",https://www.vademecum.es/medicamento-tramadol%2Fparacetamol+teva+comp.+recub.+con+pelicula+37%2C5+mg%2F325+mg_38056,Env. con 20,671463,"TRAMADOL/PARACETAMOLTEVA37,5mg/325mgCOMPRIMIDOSRECUBIERTOSCONPELICULA,20comprimidos",MedicamentoGenerico,,"1079,TEVAPHARMA,S.L.U",ALTA,01/11/2011,,NORMAL,PARACETAMOLTRAMADOLHIDROCLORURO,3.34,3.34,3.34,"2983-TRAMADOL/PARACETAMOL37,5MG/325MG20COMPRIMIDOS",NO,NO,NO,NO
"TRAMADOL/PARACETAMOL TEVA Comp. recub. con película 37,5 mg/325 mg",https://www.vademecum.es/medicamento-tramadol%2Fparacetamol+teva+comp.+recub.+con+pelicula+37%2C5+mg%2F325+mg_38056,Env. con 60,703977,"TRAMADOL/PARACETAMOLTEVA37,5mg/325mgCOMPRIMIDOSRECUBIERTOSCONPELICULAEFG,60comprimidos",MedicamentoGenerico,,"1079,TEVAPHARMA,S.L.U",ALTA,01/03/2015,,NORMAL,PARACETAMOLTRAMADOLHIDROCLORURO,8.88,8.88,8.88,"3962-TRAMADOL/PARACETAMOL37,5MG/325MG60COMPRIMIDOS",NO,NO,NO,NO
TRAMADOL/PARACETAMOL TEVA Comp. recub. con película 75/650 mg,https://www.vademecum.es/medicamento-tramadol%2Fparacetamol+teva+comp.+recub.+con+pelicula+75%2F650+mg_41815,Env. con 20 (Blister PVC/PVDC/AL),697523,"TRAMADOL/PARACETAMOLTEVA75MG/650MGCOMPRIMIDOSRECUBIERTOSCONPELICULA,20comprimidos(BlisterPVC/PVDC/AL)",MedicamentoEtica,,"1079,TEVAPHARMA,S.L.U",ALTA,01/05/2014,,NORMAL,PARACETAMOLTRAMADOLHIDROCLORURO,6.67,6.67,6.67,3954-TRAMADOL/PARACETAMOL75MG/650MG20COMPRIMIDOS,NO,NO,NO,NO
TRAMADOL/PARACETAMOL TEVA Comp. recub. con película 75/650 mg,https://www.vademecum.es/medicamento-tramadol%2Fparacetamol+teva+comp.+recub.+con+pelicula+75%2F650+mg_41815,Env. con 60 (Blister PVC/PVDC/AL),697524,"TRAMADOL/PARACETAMOLTEVA75MG/650MGCOMPRIMIDOSRECUBIERTOSCONPELICULA,60comprimidos(BlisterPVC/PVDC/AL)",MedicamentoEtica,,"1079,TEVAPHARMA,S.L.U",ALTA,01/05/2016,,NORMAL,PARACETAMOLTRAMADOLHIDROCLORURO,20,20,20,3961-TRAMADOL/PARACETAMOL75MG/650MG60COMPRIMIDOS,NO,NO,NO,NO
"TRAMADOL/PARACETAMOL UXA Comp. recub. con película 37,5 mg/325 mg",https://www.vademecum.es/medicamento-tramadol%2Fparacetamol+uxa+comp.+recub.+con+pelicula+37%2C5+mg%2F325+mg_45642,Env. con 20,714602,"TRAMADOL/PARACETAMOLUXA37,5MG/325MGCOMPRIMIDOSRECUBIERTOSCONPELICULAEFG,20comprimidos",MedicamentoGenerico,,"889,UXAFARMA,S.A.",ALTA,01/06/2017,,NORMAL,PARACETAMOLTRAMADOLHIDROCLORURO,3.34,3.34,3.34,"2983-TRAMADOL/PARACETAMOL37,5MG/325MG20COMPRIMIDOS",NO,NO,NO,NO
"TRAMADOL/PARACETAMOL VIR Comp. recub. con película 37,5/325 mg",https://www.vademecum.es/medicamento-tramadol%2Fparacetamol+vir+comp.+recub.+con+pelicula+37%2C5%2F325+mg_40940,Env. con 60,694341,"TRAMADOL/PARACETAMOLVIR37,5MG/325MGCOMPRIMIDOSRECUBIERTOSCONPELICULAEFG,60comprimidos",MedicamentoGenerico,,"601,INDUSTRIAQUIMICAYFARMACEUTICAVIR,S.A.",SUSPENSIONTEMPORALGENERAL,01/06/2018,,NORMAL,PARACETAMOLTRAMADOLHIDROCLORURO,10.01,10.01,8.88,"3962-TRAMADOL/PARACETAMOL37,5MG/325MG60COMPRIMIDOS",NO,NO,NO,NO
"TRAMADOL/PARACETAMOL VIR Comp. recub. con película 37,5/325 mg",https://www.vademecum.es/medicamento-tramadol%2Fparacetamol+vir+comp.+recub.+con+pelicula+37%2C5%2F325+mg_40940,Env. con 20,694342,"TRAMADOL/PARACETAMOLVIR37,5MG/325MGCOMPRIMIDOSRECUBIERTOSCONPELICULAEFG,20comprimidos",MedicamentoGenerico,,"601,INDUSTRIAQUIMICAYFARMACEUTICAVIR,S.A.",SUSPENSIONTEMPORALGENERAL,01/07/2017,,NORMAL,PARACETAMOLTRAMADOLHIDROCLORURO,3.34,3.34,3.34,"2983-TRAMADOL/PARACETAMOL37,5MG/325MG20COMPRIMIDOS",NO,NO,NO,NO
"TRAMADOL/PARACETAMOL VISO FARMACEUTICA Comp. recub. con película 37,5 mg/325 mg",https://www.vademecum.es/medicamento-tramadol%2Fparacetamol+viso+farmaceutica+comp.+recub.+con+pelicula+37%2C5+mg%2F325+mg_41148,Env. con 20,692841,"TRAMADOL/PARACETAMOLPHARMAGENUS37,5MG/325MGCOMPRIMIDOSRECUBIERTOSCONPELICULAEFG,20comprimidos",MedicamentoGenerico,,"826,AMNEALPHARMASPAIN,S.L.",BAJAPORNOCOMERCIALIZAR,01/12/2016,01/04/2019,NORMAL,PARACETAMOLTRAMADOLHIDROCLORURO,3.34,3.34,3.34,"2983-TRAMADOL/PARACETAMOL37,5MG/325MG20COMPRIMIDOS",NO,NO,NO,NO
"TRAMADOL/PARACETAMOL VISO FARMACEUTICA Comp. recub. con película 37,5 mg/325 mg",https://www.vademecum.es/medicamento-tramadol%2Fparacetamol+viso+farmaceutica+comp.+recub.+con+pelicula+37%2C5+mg%2F325+mg_41148,Env. con 60,692845,"TRAMADOL/PARACETAMOLPHARMAGENUS37,5MG/325MGCOMPRIMIDOSRECUBIERTOSCONPELICULAEFG,60comprimidos",MedicamentoGenerico,,"826,AMNEALPHARMASPAIN,S.L.",BAJAPORNOCOMERCIALIZAR,01/01/2017,01/04/2019,NORMAL,PARACETAMOLTRAMADOLHIDROCLORURO,8.88,8.88,8.88,"3962-TRAMADOL/PARACETAMOL37,5MG/325MG60COMPRIMIDOS",NO,NO,NO,NO
